-- MySQL dump 10.13  Distrib 8.0.15, for macos10.14 (x86_64)
--
-- Host: localhost    Database: quesync
-- ------------------------------------------------------
-- Server version	8.0.15

/*!40101 SET @OLD_CHARACTER_SET_CLIENT=@@CHARACTER_SET_CLIENT */;
/*!40101 SET @OLD_CHARACTER_SET_RESULTS=@@CHARACTER_SET_RESULTS */;
/*!40101 SET @OLD_COLLATION_CONNECTION=@@COLLATION_CONNECTION */;
 SET NAMES utf8 ;
/*!40103 SET @OLD_TIME_ZONE=@@TIME_ZONE */;
/*!40103 SET TIME_ZONE='+00:00' */;
/*!40014 SET @OLD_UNIQUE_CHECKS=@@UNIQUE_CHECKS, UNIQUE_CHECKS=0 */;
/*!40014 SET @OLD_FOREIGN_KEY_CHECKS=@@FOREIGN_KEY_CHECKS, FOREIGN_KEY_CHECKS=0 */;
/*!40101 SET @OLD_SQL_MODE=@@SQL_MODE, SQL_MODE='NO_AUTO_VALUE_ON_ZERO' */;
/*!40111 SET @OLD_SQL_NOTES=@@SQL_NOTES, SQL_NOTES=0 */;

--
-- Table structure for table `call_participants`
--

DROP TABLE IF EXISTS `call_participants`;
/*!40101 SET @saved_cs_client     = @@character_set_client */;
 SET character_set_client = utf8mb4 ;
CREATE TABLE `call_participants` (
  `call_id` varchar(36) NOT NULL,
  `participant_id` varchar(36) NOT NULL,
  PRIMARY KEY (`call_id`,`participant_id`),
  KEY `call_participants_participant_id_fk_idx` (`participant_id`),
  CONSTRAINT `call_participants_call_id_fk` FOREIGN KEY (`call_id`) REFERENCES `calls` (`id`) ON DELETE CASCADE ON UPDATE RESTRICT,
  CONSTRAINT `call_participants_participant_id_fk` FOREIGN KEY (`participant_id`) REFERENCES `users` (`id`) ON DELETE CASCADE ON UPDATE RESTRICT
) ENGINE=InnoDB DEFAULT CHARSET=utf8mb4 COLLATE=utf8mb4_0900_ai_ci;
/*!40101 SET character_set_client = @saved_cs_client */;

--
-- Dumping data for table `call_participants`
--

LOCK TABLES `call_participants` WRITE;
/*!40000 ALTER TABLE `call_participants` DISABLE KEYS */;
INSERT INTO `call_participants` VALUES ('021c8524-cba8-48de-aa56-9790647e2011','5464a7ba-4417-4a21-895d-0902bf4f9343'),('026aa75a-2a67-4780-869e-8c69cb44ba9d','5464a7ba-4417-4a21-895d-0902bf4f9343'),('07b7c8ab-5230-491e-ad63-8a4d8f7c57c9','5464a7ba-4417-4a21-895d-0902bf4f9343'),('099790fd-c18c-4951-b1f8-efb386faa5a7','5464a7ba-4417-4a21-895d-0902bf4f9343'),('0a3b53de-1d12-4312-8134-fad53e1cf372','5464a7ba-4417-4a21-895d-0902bf4f9343'),('0a9b120c-199f-41e7-b3ef-bb8604c238d0','5464a7ba-4417-4a21-895d-0902bf4f9343'),('0d4e3d1d-65d9-4030-9139-5a74c90bc9b0','5464a7ba-4417-4a21-895d-0902bf4f9343'),('0e56e331-678d-40c1-be3a-075722a5ca81','5464a7ba-4417-4a21-895d-0902bf4f9343'),('0fed2205-b998-4839-8a36-6a6a1cc94d0a','5464a7ba-4417-4a21-895d-0902bf4f9343'),('101c2011-c013-44d4-b8f1-26ab6451ffd5','5464a7ba-4417-4a21-895d-0902bf4f9343'),('1118b55b-e4e0-4d1a-ae71-47520b314013','5464a7ba-4417-4a21-895d-0902bf4f9343'),('12597ea2-dfbb-4d94-a1c2-143740576f07','5464a7ba-4417-4a21-895d-0902bf4f9343'),('134b8f5b-1b26-465e-b970-1b298ec73cc4','5464a7ba-4417-4a21-895d-0902bf4f9343'),('13ad393f-c3de-4214-8bd1-bcac913b7d75','5464a7ba-4417-4a21-895d-0902bf4f9343'),('1a967526-2d94-4a80-8d09-eed381e1b89c','5464a7ba-4417-4a21-895d-0902bf4f9343'),('1b540b0f-62c2-4082-be74-290fdf00d2d1','5464a7ba-4417-4a21-895d-0902bf4f9343'),('1fbab1f3-7e29-4bd3-8785-76e87dec8d7e','5464a7ba-4417-4a21-895d-0902bf4f9343'),('21c896e7-8828-48c1-a30d-97b606f894ba','5464a7ba-4417-4a21-895d-0902bf4f9343'),('22b1c367-25b4-4653-9090-e47425ee9ab7','5464a7ba-4417-4a21-895d-0902bf4f9343'),('23b45a57-e650-44eb-b924-6f98e31f85b0','5464a7ba-4417-4a21-895d-0902bf4f9343'),('24f6a08a-b086-4005-8bcf-5a98496450c6','5464a7ba-4417-4a21-895d-0902bf4f9343'),('25e74f19-8299-464a-8431-262fb9484910','5464a7ba-4417-4a21-895d-0902bf4f9343'),('26c26eb0-239f-48b0-936e-ab7488a83753','5464a7ba-4417-4a21-895d-0902bf4f9343'),('2bced232-fb06-4aac-842d-ddefe73b8806','5464a7ba-4417-4a21-895d-0902bf4f9343'),('2cd23d3b-b073-4ad5-af6f-05876eca27a1','5464a7ba-4417-4a21-895d-0902bf4f9343'),('309c6f4d-f9ad-4000-b024-a0f0d87ef8fb','5464a7ba-4417-4a21-895d-0902bf4f9343'),('32d9ca05-aa69-4359-bab5-991afde60c3b','5464a7ba-4417-4a21-895d-0902bf4f9343'),('340a9f24-0a8e-4ed1-ac85-6b7efead6a9a','5464a7ba-4417-4a21-895d-0902bf4f9343'),('355b6120-0111-4f69-809c-a875c23eabc5','5464a7ba-4417-4a21-895d-0902bf4f9343'),('358b3581-3254-4f29-82b0-a0b5759a03a2','5464a7ba-4417-4a21-895d-0902bf4f9343'),('35e06846-6792-481e-b7e4-38f58bc99f2c','5464a7ba-4417-4a21-895d-0902bf4f9343'),('3a02d18b-d347-4628-a371-a5e63835ab21','5464a7ba-4417-4a21-895d-0902bf4f9343'),('3a19bc44-0674-4539-b04c-e3107311bdc5','5464a7ba-4417-4a21-895d-0902bf4f9343'),('3b23bd01-8339-4958-add7-28b9f7b4e701','5464a7ba-4417-4a21-895d-0902bf4f9343'),('3d5da5e6-ce61-47f2-b049-9515ae8fd624','5464a7ba-4417-4a21-895d-0902bf4f9343'),('3e07c396-67b2-4741-9305-474e7c4bc0e5','5464a7ba-4417-4a21-895d-0902bf4f9343'),('3f98af52-d492-4d53-b069-95c9c2db2f46','5464a7ba-4417-4a21-895d-0902bf4f9343'),('462d8e2e-22be-4e01-bdcc-db37fc77430f','5464a7ba-4417-4a21-895d-0902bf4f9343'),('48c85bac-122d-46c2-8f13-7d09efef46ef','5464a7ba-4417-4a21-895d-0902bf4f9343'),('48f1bd00-7e81-4a41-b83e-46a3ed93936e','5464a7ba-4417-4a21-895d-0902bf4f9343'),('4e58d39b-881e-4fe5-b810-807c6b3f3ccb','5464a7ba-4417-4a21-895d-0902bf4f9343'),('50216849-8357-4b0f-939d-a2ddada01e88','5464a7ba-4417-4a21-895d-0902bf4f9343'),('5068c623-b653-444e-8d57-5fef7b2d12a6','5464a7ba-4417-4a21-895d-0902bf4f9343'),('524150fe-f51e-40c0-ad14-efcbecf25897','5464a7ba-4417-4a21-895d-0902bf4f9343'),('58bd404f-e914-479a-baf9-dac826773dea','5464a7ba-4417-4a21-895d-0902bf4f9343'),('5f8d736a-4baa-4303-89b0-14af4b3ae40f','5464a7ba-4417-4a21-895d-0902bf4f9343'),('6259f581-e2ad-4b98-a05e-bf695722734f','5464a7ba-4417-4a21-895d-0902bf4f9343'),('6644f63b-0019-4ad0-b1ab-082d1260fe79','5464a7ba-4417-4a21-895d-0902bf4f9343'),('6663397b-0482-4be7-93a8-32a6acda3941','5464a7ba-4417-4a21-895d-0902bf4f9343'),('6a22d641-d2f7-4aa1-97cc-103d64c02b90','5464a7ba-4417-4a21-895d-0902bf4f9343'),('6aa64f38-93ca-483d-b886-bfee3bfad8a0','5464a7ba-4417-4a21-895d-0902bf4f9343'),('6ad07d25-3c48-4919-8779-cf9c13e9f388','5464a7ba-4417-4a21-895d-0902bf4f9343'),('6c9fb115-d990-4318-bc9d-18e8a15eda54','5464a7ba-4417-4a21-895d-0902bf4f9343'),('6cfe482d-86aa-4dee-9bfd-78f56c7fe1c7','5464a7ba-4417-4a21-895d-0902bf4f9343'),('6d15a13b-a1cf-4eb8-b67a-aaab22b32970','5464a7ba-4417-4a21-895d-0902bf4f9343'),('6dc431d2-286d-415b-8fc1-00471c3e60de','5464a7ba-4417-4a21-895d-0902bf4f9343'),('6fade059-1732-46da-be03-9d56ac10142a','5464a7ba-4417-4a21-895d-0902bf4f9343'),('703b1f9a-7f48-45f6-944c-f9725467fd9a','5464a7ba-4417-4a21-895d-0902bf4f9343'),('731915b3-172e-433e-81b5-4044003bf2da','5464a7ba-4417-4a21-895d-0902bf4f9343'),('73cc5f95-1fd0-4b3f-82e6-9f219114f4f3','5464a7ba-4417-4a21-895d-0902bf4f9343'),('7a324d25-5583-4aed-8ac1-13f624288d07','5464a7ba-4417-4a21-895d-0902bf4f9343'),('7bebda4c-a910-41a8-b613-84a86665aeb7','5464a7ba-4417-4a21-895d-0902bf4f9343'),('7c32f180-404b-4c02-bb7c-282624cf59e1','5464a7ba-4417-4a21-895d-0902bf4f9343'),('7cb90c48-cb30-4536-8806-4d538b529df2','5464a7ba-4417-4a21-895d-0902bf4f9343'),('7db0ee76-44e2-457a-ac9e-e9ef4e24cefb','5464a7ba-4417-4a21-895d-0902bf4f9343'),('7e130e1c-4e62-4045-bcec-6b8de147f5ec','5464a7ba-4417-4a21-895d-0902bf4f9343'),('85f4b80f-c1c1-41d5-b0de-67a5cc8c25ed','5464a7ba-4417-4a21-895d-0902bf4f9343'),('8c863b6e-8564-487e-82dc-60042d813897','5464a7ba-4417-4a21-895d-0902bf4f9343'),('8c9fc217-6213-4467-9b94-236bc8469081','5464a7ba-4417-4a21-895d-0902bf4f9343'),('907f829c-61c6-4a6c-b30d-1f12bda90684','5464a7ba-4417-4a21-895d-0902bf4f9343'),('91a2d7e4-e38e-43eb-b727-5673e9fa2216','5464a7ba-4417-4a21-895d-0902bf4f9343'),('95b08c04-e6f5-4166-bbf3-3fbdaddfb50b','5464a7ba-4417-4a21-895d-0902bf4f9343'),('965dfd5c-1ef5-4e33-8580-bff5c0acafa7','5464a7ba-4417-4a21-895d-0902bf4f9343'),('9a000cec-f460-4dbd-b330-912a541ea77b','5464a7ba-4417-4a21-895d-0902bf4f9343'),('9a1be6a3-e1e9-4271-a542-f52fa578c44e','5464a7ba-4417-4a21-895d-0902bf4f9343'),('9a93769a-7a46-4b2f-817b-091be5af6146','5464a7ba-4417-4a21-895d-0902bf4f9343'),('9aa380a4-168b-4a9e-9527-11a10cf9465a','5464a7ba-4417-4a21-895d-0902bf4f9343'),('a01e400d-a5a6-4ce8-a5e5-2eac921f80f4','5464a7ba-4417-4a21-895d-0902bf4f9343'),('a64edfd0-b551-4e2c-a45d-e8b18026a402','5464a7ba-4417-4a21-895d-0902bf4f9343'),('a9573dac-d37b-4c0e-9147-d8091af2f457','5464a7ba-4417-4a21-895d-0902bf4f9343'),('a9fda86f-5c9e-40d5-8014-d325825d21b7','5464a7ba-4417-4a21-895d-0902bf4f9343'),('af8593ea-eb32-43e3-a9b4-bdb47a05e85e','5464a7ba-4417-4a21-895d-0902bf4f9343'),('b37eb716-80cc-4a64-a136-ec8936d8d070','5464a7ba-4417-4a21-895d-0902bf4f9343'),('b42cc9b0-4f72-472c-af16-f707b0502c76','5464a7ba-4417-4a21-895d-0902bf4f9343'),('b44f4a12-a199-46e2-843b-083ba8c991c8','5464a7ba-4417-4a21-895d-0902bf4f9343'),('b4718d23-c47d-4f3a-8ce2-878a654c6825','5464a7ba-4417-4a21-895d-0902bf4f9343'),('b5fb5bfc-efec-4b78-ad6a-062d165b6235','5464a7ba-4417-4a21-895d-0902bf4f9343'),('b8087839-1114-4703-b315-81a34d637841','5464a7ba-4417-4a21-895d-0902bf4f9343'),('b83cfc85-5b41-4daf-93db-6fe46b98c703','5464a7ba-4417-4a21-895d-0902bf4f9343'),('b843023c-0f9c-45d3-917e-9a9c4c18623a','5464a7ba-4417-4a21-895d-0902bf4f9343'),('bb3a549b-6bd3-4d4d-9e2d-8ce63545af5f','5464a7ba-4417-4a21-895d-0902bf4f9343'),('bb9c4280-1a89-4a5a-9693-9e66c5dd658a','5464a7ba-4417-4a21-895d-0902bf4f9343'),('bbe3585c-174c-4928-a23f-a839c64abea8','5464a7ba-4417-4a21-895d-0902bf4f9343'),('c009e85b-77e9-40a9-8389-544e00c17fbe','5464a7ba-4417-4a21-895d-0902bf4f9343'),('c518a4c7-c1e7-4343-a8b7-56e4654ff98b','5464a7ba-4417-4a21-895d-0902bf4f9343'),('c53887c1-e608-4d6e-99e4-89728896f94f','5464a7ba-4417-4a21-895d-0902bf4f9343'),('c88fe775-19a8-4cad-b2f9-b374404a60d9','5464a7ba-4417-4a21-895d-0902bf4f9343'),('c8c423fc-55f5-40bf-b15d-79f827933714','5464a7ba-4417-4a21-895d-0902bf4f9343'),('c8d577d9-d2e9-4203-88d0-4c8ca35da6a1','5464a7ba-4417-4a21-895d-0902bf4f9343'),('c906b790-4862-413b-b76b-21d06dfa9951','5464a7ba-4417-4a21-895d-0902bf4f9343'),('c9cec4f7-8f3c-4e07-8946-c7c35900b906','5464a7ba-4417-4a21-895d-0902bf4f9343'),('cae3b133-53b7-4ca3-b0bc-21220b3a3940','5464a7ba-4417-4a21-895d-0902bf4f9343'),('cca87161-264b-47ac-92a7-34309e1b1f85','5464a7ba-4417-4a21-895d-0902bf4f9343'),('d0f32cb9-5261-4b57-94fd-07853226f10d','5464a7ba-4417-4a21-895d-0902bf4f9343'),('d2654891-b00e-40cb-94bb-1e7c1122ecba','5464a7ba-4417-4a21-895d-0902bf4f9343'),('d4372843-a737-4244-b338-199c3eef4960','5464a7ba-4417-4a21-895d-0902bf4f9343'),('d4a6c4b0-26de-48e9-bcd7-7cf969bbc7df','5464a7ba-4417-4a21-895d-0902bf4f9343'),('d70cd9af-98a0-460a-9fcc-fc8dcb82b49f','5464a7ba-4417-4a21-895d-0902bf4f9343'),('d7b814f9-45f2-4724-be69-422b5800c311','5464a7ba-4417-4a21-895d-0902bf4f9343'),('dc5d263f-44b2-4957-abec-a70c85ed779e','5464a7ba-4417-4a21-895d-0902bf4f9343'),('dd7d3a14-1c82-4253-ab18-11019918414b','5464a7ba-4417-4a21-895d-0902bf4f9343'),('df6f454c-0548-4fc1-91bf-ec5a2aeed7f6','5464a7ba-4417-4a21-895d-0902bf4f9343'),('e1a79d39-04a4-4221-8196-fc7954b2ed58','5464a7ba-4417-4a21-895d-0902bf4f9343'),('e2481bb4-b8bb-4b92-bdbf-0821b53c6d79','5464a7ba-4417-4a21-895d-0902bf4f9343'),('e4467e01-55de-4b6d-8f87-2092e0b5982a','5464a7ba-4417-4a21-895d-0902bf4f9343'),('e54ba466-cda3-474a-90a4-945d9c4a50f2','5464a7ba-4417-4a21-895d-0902bf4f9343'),('e57d57f0-dfcc-4a26-8960-ca549c307835','5464a7ba-4417-4a21-895d-0902bf4f9343'),('e7e94446-8a78-40b7-9f4f-9a7ac18dfc15','5464a7ba-4417-4a21-895d-0902bf4f9343'),('eb476b1a-d9b1-43d3-965c-92657bd3cdae','5464a7ba-4417-4a21-895d-0902bf4f9343'),('ecf01c4b-4468-40a2-a96d-3ec9fd47af3e','5464a7ba-4417-4a21-895d-0902bf4f9343'),('edeea907-07ce-4c25-8c01-3500358e045f','5464a7ba-4417-4a21-895d-0902bf4f9343'),('eefbd6e4-f4cf-4ed0-b336-3c2479315ec0','5464a7ba-4417-4a21-895d-0902bf4f9343'),('ef8ca9d9-00d7-41db-8f4e-449e78ea8d3e','5464a7ba-4417-4a21-895d-0902bf4f9343'),('f1f99bb2-9d85-411e-8b0d-bcfa4208c58e','5464a7ba-4417-4a21-895d-0902bf4f9343'),('f4a74c30-7941-4dc5-93f6-9d23b7c8d190','5464a7ba-4417-4a21-895d-0902bf4f9343'),('f6dd827e-debf-473b-91fb-a6918fd62af1','5464a7ba-4417-4a21-895d-0902bf4f9343'),('fa764739-e7f8-4f24-963b-c784f89e30ed','5464a7ba-4417-4a21-895d-0902bf4f9343'),('faedd98a-7d77-40cc-adbf-b7fc557b984d','5464a7ba-4417-4a21-895d-0902bf4f9343'),('fc2501a4-fac1-407d-aafd-bf6be8ab7181','5464a7ba-4417-4a21-895d-0902bf4f9343'),('134b8f5b-1b26-465e-b970-1b298ec73cc4','900107fd-8205-4288-af9d-41d8a0596748'),('50216849-8357-4b0f-939d-a2ddada01e88','900107fd-8205-4288-af9d-41d8a0596748'),('6663397b-0482-4be7-93a8-32a6acda3941','900107fd-8205-4288-af9d-41d8a0596748'),('703b1f9a-7f48-45f6-944c-f9725467fd9a','900107fd-8205-4288-af9d-41d8a0596748'),('91a2d7e4-e38e-43eb-b727-5673e9fa2216','900107fd-8205-4288-af9d-41d8a0596748'),('0e56e331-678d-40c1-be3a-075722a5ca81','bb26a902-3936-4113-bd9f-3262952817ef'),('1a967526-2d94-4a80-8d09-eed381e1b89c','bb26a902-3936-4113-bd9f-3262952817ef'),('1fbab1f3-7e29-4bd3-8785-76e87dec8d7e','bb26a902-3936-4113-bd9f-3262952817ef'),('25e74f19-8299-464a-8431-262fb9484910','bb26a902-3936-4113-bd9f-3262952817ef'),('26c26eb0-239f-48b0-936e-ab7488a83753','bb26a902-3936-4113-bd9f-3262952817ef'),('3127608d-446b-4924-afe7-b7109124011d','bb26a902-3936-4113-bd9f-3262952817ef'),('32d9ca05-aa69-4359-bab5-991afde60c3b','bb26a902-3936-4113-bd9f-3262952817ef'),('34741946-9ce8-44d5-b9d5-d5482e3c8435','bb26a902-3936-4113-bd9f-3262952817ef'),('358b3581-3254-4f29-82b0-a0b5759a03a2','bb26a902-3936-4113-bd9f-3262952817ef'),('3d5da5e6-ce61-47f2-b049-9515ae8fd624','bb26a902-3936-4113-bd9f-3262952817ef'),('3e07c396-67b2-4741-9305-474e7c4bc0e5','bb26a902-3936-4113-bd9f-3262952817ef'),('5068c623-b653-444e-8d57-5fef7b2d12a6','bb26a902-3936-4113-bd9f-3262952817ef'),('56164dce-a8c5-4d33-b0b1-ead57b8aef93','bb26a902-3936-4113-bd9f-3262952817ef'),('565d42e6-adf9-41ca-bfa0-0bff94fe3210','bb26a902-3936-4113-bd9f-3262952817ef'),('596872f9-0893-40aa-ae13-26f0fbb7e74d','bb26a902-3936-4113-bd9f-3262952817ef'),('5f8d736a-4baa-4303-89b0-14af4b3ae40f','bb26a902-3936-4113-bd9f-3262952817ef'),('6259f581-e2ad-4b98-a05e-bf695722734f','bb26a902-3936-4113-bd9f-3262952817ef'),('6644f63b-0019-4ad0-b1ab-082d1260fe79','bb26a902-3936-4113-bd9f-3262952817ef'),('6aa64f38-93ca-483d-b886-bfee3bfad8a0','bb26a902-3936-4113-bd9f-3262952817ef'),('6d15a13b-a1cf-4eb8-b67a-aaab22b32970','bb26a902-3936-4113-bd9f-3262952817ef'),('6d97aeed-9078-4148-b59e-7374b6d8d465','bb26a902-3936-4113-bd9f-3262952817ef'),('6fade059-1732-46da-be03-9d56ac10142a','bb26a902-3936-4113-bd9f-3262952817ef'),('70677750-4f6c-4991-92bf-095b776fc8bd','bb26a902-3936-4113-bd9f-3262952817ef'),('7bebda4c-a910-41a8-b613-84a86665aeb7','bb26a902-3936-4113-bd9f-3262952817ef'),('8991a1fb-20cc-45c0-ac10-bf9f927ae44a','bb26a902-3936-4113-bd9f-3262952817ef'),('8e1d3805-6216-49ed-a1f4-cfec5e7ee3e5','bb26a902-3936-4113-bd9f-3262952817ef'),('95b08c04-e6f5-4166-bbf3-3fbdaddfb50b','bb26a902-3936-4113-bd9f-3262952817ef'),('965dfd5c-1ef5-4e33-8580-bff5c0acafa7','bb26a902-3936-4113-bd9f-3262952817ef'),('a64edfd0-b551-4e2c-a45d-e8b18026a402','bb26a902-3936-4113-bd9f-3262952817ef'),('a883936b-0e0d-411a-bdb9-011adfec343b','bb26a902-3936-4113-bd9f-3262952817ef'),('a9fda86f-5c9e-40d5-8014-d325825d21b7','bb26a902-3936-4113-bd9f-3262952817ef'),('ac71498f-7e45-4eb4-b029-0bfccae0986c','bb26a902-3936-4113-bd9f-3262952817ef'),('af8593ea-eb32-43e3-a9b4-bdb47a05e85e','bb26a902-3936-4113-bd9f-3262952817ef'),('b37eb716-80cc-4a64-a136-ec8936d8d070','bb26a902-3936-4113-bd9f-3262952817ef'),('b42cc9b0-4f72-472c-af16-f707b0502c76','bb26a902-3936-4113-bd9f-3262952817ef'),('b44f4a12-a199-46e2-843b-083ba8c991c8','bb26a902-3936-4113-bd9f-3262952817ef'),('b8087839-1114-4703-b315-81a34d637841','bb26a902-3936-4113-bd9f-3262952817ef'),('c518a4c7-c1e7-4343-a8b7-56e4654ff98b','bb26a902-3936-4113-bd9f-3262952817ef'),('c88fe775-19a8-4cad-b2f9-b374404a60d9','bb26a902-3936-4113-bd9f-3262952817ef'),('c906b790-4862-413b-b76b-21d06dfa9951','bb26a902-3936-4113-bd9f-3262952817ef'),('c9cec4f7-8f3c-4e07-8946-c7c35900b906','bb26a902-3936-4113-bd9f-3262952817ef'),('cca87161-264b-47ac-92a7-34309e1b1f85','bb26a902-3936-4113-bd9f-3262952817ef'),('d0f32cb9-5261-4b57-94fd-07853226f10d','bb26a902-3936-4113-bd9f-3262952817ef'),('d7b814f9-45f2-4724-be69-422b5800c311','bb26a902-3936-4113-bd9f-3262952817ef'),('dc5d263f-44b2-4957-abec-a70c85ed779e','bb26a902-3936-4113-bd9f-3262952817ef'),('e4467e01-55de-4b6d-8f87-2092e0b5982a','bb26a902-3936-4113-bd9f-3262952817ef'),('eb476b1a-d9b1-43d3-965c-92657bd3cdae','bb26a902-3936-4113-bd9f-3262952817ef'),('ecf01c4b-4468-40a2-a96d-3ec9fd47af3e','bb26a902-3936-4113-bd9f-3262952817ef'),('ef8ca9d9-00d7-41db-8f4e-449e78ea8d3e','bb26a902-3936-4113-bd9f-3262952817ef'),('f1f99bb2-9d85-411e-8b0d-bcfa4208c58e','bb26a902-3936-4113-bd9f-3262952817ef'),('f2ef7a71-75ad-4b58-a22e-e9102809b761','bb26a902-3936-4113-bd9f-3262952817ef'),('f4a970d4-ad17-402e-be8c-b3d08c83d68d','bb26a902-3936-4113-bd9f-3262952817ef'),('f6dd827e-debf-473b-91fb-a6918fd62af1','bb26a902-3936-4113-bd9f-3262952817ef'),('f98eb0d0-ef6b-47ed-bf46-d7326e51d800','bb26a902-3936-4113-bd9f-3262952817ef'),('fa764739-e7f8-4f24-963b-c784f89e30ed','bb26a902-3936-4113-bd9f-3262952817ef'),('faedd98a-7d77-40cc-adbf-b7fc557b984d','bb26a902-3936-4113-bd9f-3262952817ef'),('ff3651d8-5e52-44df-afbb-47b957eca0ef','bb26a902-3936-4113-bd9f-3262952817ef');
/*!40000 ALTER TABLE `call_participants` ENABLE KEYS */;
UNLOCK TABLES;

--
-- Table structure for table `calls`
--

DROP TABLE IF EXISTS `calls`;
/*!40101 SET @saved_cs_client     = @@character_set_client */;
 SET character_set_client = utf8mb4 ;
CREATE TABLE `calls` (
  `id` varchar(36) NOT NULL,
  `caller_id` varchar(36) NOT NULL,
  `channel_id` varchar(36) NOT NULL,
  `start_date` timestamp NOT NULL DEFAULT CURRENT_TIMESTAMP,
  `end_date` timestamp NULL DEFAULT NULL,
  PRIMARY KEY (`id`),
  UNIQUE KEY `id_UNIQUE` (`id`),
  KEY `caller_id_fk_idx` (`caller_id`),
  KEY `channel_id_fk_idx` (`channel_id`),
  CONSTRAINT `calls_caller_id_fk` FOREIGN KEY (`caller_id`) REFERENCES `users` (`id`) ON DELETE CASCADE ON UPDATE RESTRICT,
  CONSTRAINT `calls_channel_id_fk` FOREIGN KEY (`channel_id`) REFERENCES `channels` (`id`) ON DELETE CASCADE ON UPDATE RESTRICT
) ENGINE=InnoDB DEFAULT CHARSET=utf8mb4 COLLATE=utf8mb4_0900_ai_ci;
/*!40101 SET character_set_client = @saved_cs_client */;

--
-- Dumping data for table `calls`
--

LOCK TABLES `calls` WRITE;
/*!40000 ALTER TABLE `calls` DISABLE KEYS */;
INSERT INTO `calls` VALUES ('021c8524-cba8-48de-aa56-9790647e2011','5464a7ba-4417-4a21-895d-0902bf4f9343','de41c5ba-b4a7-4d9b-8143-c4048d3f1931','2019-10-18 23:13:47','2019-10-18 23:14:01'),('026aa75a-2a67-4780-869e-8c69cb44ba9d','5464a7ba-4417-4a21-895d-0902bf4f9343','de41c5ba-b4a7-4d9b-8143-c4048d3f1931','2019-10-18 23:34:14','2019-10-18 23:34:24'),('07b7c8ab-5230-491e-ad63-8a4d8f7c57c9','5464a7ba-4417-4a21-895d-0902bf4f9343','de41c5ba-b4a7-4d9b-8143-c4048d3f1931','2019-10-19 13:34:53',NULL),('099790fd-c18c-4951-b1f8-efb386faa5a7','5464a7ba-4417-4a21-895d-0902bf4f9343','de41c5ba-b4a7-4d9b-8143-c4048d3f1931','2019-09-05 14:39:21','2019-09-05 14:39:35'),('0a3b53de-1d12-4312-8134-fad53e1cf372','5464a7ba-4417-4a21-895d-0902bf4f9343','de41c5ba-b4a7-4d9b-8143-c4048d3f1931','2019-10-19 02:03:24','2019-10-19 02:03:27'),('0a9b120c-199f-41e7-b3ef-bb8604c238d0','5464a7ba-4417-4a21-895d-0902bf4f9343','de41c5ba-b4a7-4d9b-8143-c4048d3f1931','2019-10-17 12:08:43','2019-10-17 12:09:02'),('0d4e3d1d-65d9-4030-9139-5a74c90bc9b0','5464a7ba-4417-4a21-895d-0902bf4f9343','d13f2902-0581-4b6f-8a25-a8e2e0ed201f','2019-09-05 17:42:33','2019-09-05 17:42:36'),('0e56e331-678d-40c1-be3a-075722a5ca81','bb26a902-3936-4113-bd9f-3262952817ef','de41c5ba-b4a7-4d9b-8143-c4048d3f1931','2019-08-30 10:25:37',NULL),('0fed2205-b998-4839-8a36-6a6a1cc94d0a','5464a7ba-4417-4a21-895d-0902bf4f9343','de41c5ba-b4a7-4d9b-8143-c4048d3f1931','2019-08-30 10:43:56','2019-08-30 10:43:57'),('101c2011-c013-44d4-b8f1-26ab6451ffd5','5464a7ba-4417-4a21-895d-0902bf4f9343','d13f2902-0581-4b6f-8a25-a8e2e0ed201f','2019-10-16 19:54:51','2019-10-16 19:54:52'),('1118b55b-e4e0-4d1a-ae71-47520b314013','5464a7ba-4417-4a21-895d-0902bf4f9343','de41c5ba-b4a7-4d9b-8143-c4048d3f1931','2019-10-20 11:45:19','2019-10-20 11:45:21'),('12597ea2-dfbb-4d94-a1c2-143740576f07','5464a7ba-4417-4a21-895d-0902bf4f9343','de41c5ba-b4a7-4d9b-8143-c4048d3f1931','2019-10-19 13:39:06',NULL),('134b8f5b-1b26-465e-b970-1b298ec73cc4','900107fd-8205-4288-af9d-41d8a0596748','d751dab2-456c-4cd8-838e-fc9b4fd22f31','2019-10-18 22:43:54','2019-10-18 22:45:07'),('13ad393f-c3de-4214-8bd1-bcac913b7d75','5464a7ba-4417-4a21-895d-0902bf4f9343','d751dab2-456c-4cd8-838e-fc9b4fd22f31','2019-10-21 12:17:22','2019-10-21 12:17:24'),('1a967526-2d94-4a80-8d09-eed381e1b89c','bb26a902-3936-4113-bd9f-3262952817ef','de41c5ba-b4a7-4d9b-8143-c4048d3f1931','2019-09-05 14:40:40','2019-09-05 14:41:48'),('1b540b0f-62c2-4082-be74-290fdf00d2d1','5464a7ba-4417-4a21-895d-0902bf4f9343','de41c5ba-b4a7-4d9b-8143-c4048d3f1931','2019-10-19 13:43:12',NULL),('1fbab1f3-7e29-4bd3-8785-76e87dec8d7e','bb26a902-3936-4113-bd9f-3262952817ef','de41c5ba-b4a7-4d9b-8143-c4048d3f1931','2019-08-30 10:33:26',NULL),('21c896e7-8828-48c1-a30d-97b606f894ba','5464a7ba-4417-4a21-895d-0902bf4f9343','de41c5ba-b4a7-4d9b-8143-c4048d3f1931','2019-10-18 23:31:56','2019-10-18 23:32:23'),('22b1c367-25b4-4653-9090-e47425ee9ab7','5464a7ba-4417-4a21-895d-0902bf4f9343','de41c5ba-b4a7-4d9b-8143-c4048d3f1931','2019-10-14 23:20:03','2019-10-14 23:20:06'),('23b45a57-e650-44eb-b924-6f98e31f85b0','5464a7ba-4417-4a21-895d-0902bf4f9343','de41c5ba-b4a7-4d9b-8143-c4048d3f1931','2019-10-17 11:36:56','2019-10-17 11:37:21'),('24f6a08a-b086-4005-8bcf-5a98496450c6','5464a7ba-4417-4a21-895d-0902bf4f9343','c2813fcd-1f42-448c-84a3-733aed3ef800','2019-10-21 12:19:59','2019-10-21 12:20:02'),('25e74f19-8299-464a-8431-262fb9484910','5464a7ba-4417-4a21-895d-0902bf4f9343','de41c5ba-b4a7-4d9b-8143-c4048d3f1931','2019-10-19 02:05:30','2019-10-19 02:05:40'),('26c26eb0-239f-48b0-936e-ab7488a83753','5464a7ba-4417-4a21-895d-0902bf4f9343','de41c5ba-b4a7-4d9b-8143-c4048d3f1931','2019-10-18 23:09:06','2019-10-18 23:10:02'),('2bced232-fb06-4aac-842d-ddefe73b8806','5464a7ba-4417-4a21-895d-0902bf4f9343','d13f2902-0581-4b6f-8a25-a8e2e0ed201f','2019-10-19 14:28:36','2019-10-19 14:29:05'),('2cd23d3b-b073-4ad5-af6f-05876eca27a1','5464a7ba-4417-4a21-895d-0902bf4f9343','de41c5ba-b4a7-4d9b-8143-c4048d3f1931','2019-08-30 10:39:29',NULL),('309c6f4d-f9ad-4000-b024-a0f0d87ef8fb','5464a7ba-4417-4a21-895d-0902bf4f9343','de41c5ba-b4a7-4d9b-8143-c4048d3f1931','2019-10-17 11:48:16','2019-10-17 11:48:28'),('3127608d-446b-4924-afe7-b7109124011d','bb26a902-3936-4113-bd9f-3262952817ef','de41c5ba-b4a7-4d9b-8143-c4048d3f1931','2019-10-20 11:46:42','2019-10-20 11:46:47'),('32d9ca05-aa69-4359-bab5-991afde60c3b','5464a7ba-4417-4a21-895d-0902bf4f9343','de41c5ba-b4a7-4d9b-8143-c4048d3f1931','2019-10-19 02:03:38','2019-10-19 02:04:47'),('340a9f24-0a8e-4ed1-ac85-6b7efead6a9a','5464a7ba-4417-4a21-895d-0902bf4f9343','d13f2902-0581-4b6f-8a25-a8e2e0ed201f','2019-09-03 16:06:18','2019-09-03 16:06:19'),('34741946-9ce8-44d5-b9d5-d5482e3c8435','bb26a902-3936-4113-bd9f-3262952817ef','de41c5ba-b4a7-4d9b-8143-c4048d3f1931','2019-10-17 12:09:05','2019-10-17 12:09:09'),('355b6120-0111-4f69-809c-a875c23eabc5','5464a7ba-4417-4a21-895d-0902bf4f9343','d751dab2-456c-4cd8-838e-fc9b4fd22f31','2019-10-13 22:00:22','2019-10-13 22:00:26'),('358b3581-3254-4f29-82b0-a0b5759a03a2','5464a7ba-4417-4a21-895d-0902bf4f9343','de41c5ba-b4a7-4d9b-8143-c4048d3f1931','2019-10-18 23:41:08','2019-10-18 23:42:29'),('35e06846-6792-481e-b7e4-38f58bc99f2c','5464a7ba-4417-4a21-895d-0902bf4f9343','de41c5ba-b4a7-4d9b-8143-c4048d3f1931','2019-10-19 02:07:43',NULL),('3a02d18b-d347-4628-a371-a5e63835ab21','5464a7ba-4417-4a21-895d-0902bf4f9343','de41c5ba-b4a7-4d9b-8143-c4048d3f1931','2019-08-30 10:28:54',NULL),('3a19bc44-0674-4539-b04c-e3107311bdc5','5464a7ba-4417-4a21-895d-0902bf4f9343','de41c5ba-b4a7-4d9b-8143-c4048d3f1931','2019-10-13 21:59:00','2019-10-13 21:59:00'),('3b23bd01-8339-4958-add7-28b9f7b4e701','5464a7ba-4417-4a21-895d-0902bf4f9343','de41c5ba-b4a7-4d9b-8143-c4048d3f1931','2019-10-19 14:42:39','2019-10-19 14:42:40'),('3d5da5e6-ce61-47f2-b049-9515ae8fd624','5464a7ba-4417-4a21-895d-0902bf4f9343','de41c5ba-b4a7-4d9b-8143-c4048d3f1931','2019-10-17 12:50:54',NULL),('3e07c396-67b2-4741-9305-474e7c4bc0e5','5464a7ba-4417-4a21-895d-0902bf4f9343','de41c5ba-b4a7-4d9b-8143-c4048d3f1931','2019-10-14 23:19:50','2019-10-14 23:19:59'),('3f98af52-d492-4d53-b069-95c9c2db2f46','5464a7ba-4417-4a21-895d-0902bf4f9343','d751dab2-456c-4cd8-838e-fc9b4fd22f31','2019-10-21 00:58:50','2019-10-21 00:58:52'),('462d8e2e-22be-4e01-bdcc-db37fc77430f','5464a7ba-4417-4a21-895d-0902bf4f9343','de41c5ba-b4a7-4d9b-8143-c4048d3f1931','2019-10-17 12:02:16','2019-10-17 12:02:33'),('48c85bac-122d-46c2-8f13-7d09efef46ef','5464a7ba-4417-4a21-895d-0902bf4f9343','de41c5ba-b4a7-4d9b-8143-c4048d3f1931','2019-10-18 23:14:16','2019-10-18 23:14:20'),('48f1bd00-7e81-4a41-b83e-46a3ed93936e','5464a7ba-4417-4a21-895d-0902bf4f9343','d13f2902-0581-4b6f-8a25-a8e2e0ed201f','2019-09-05 17:42:38','2019-09-05 17:42:39'),('4e58d39b-881e-4fe5-b810-807c6b3f3ccb','5464a7ba-4417-4a21-895d-0902bf4f9343','de41c5ba-b4a7-4d9b-8143-c4048d3f1931','2019-08-30 10:12:13',NULL),('50216849-8357-4b0f-939d-a2ddada01e88','900107fd-8205-4288-af9d-41d8a0596748','d751dab2-456c-4cd8-838e-fc9b4fd22f31','2019-10-18 23:09:58','2019-10-18 23:13:25'),('5068c623-b653-444e-8d57-5fef7b2d12a6','5464a7ba-4417-4a21-895d-0902bf4f9343','de41c5ba-b4a7-4d9b-8143-c4048d3f1931','2019-08-30 10:44:52','2019-08-30 10:45:21'),('524150fe-f51e-40c0-ad14-efcbecf25897','5464a7ba-4417-4a21-895d-0902bf4f9343','de41c5ba-b4a7-4d9b-8143-c4048d3f1931','2019-10-19 13:46:18',NULL),('56164dce-a8c5-4d33-b0b1-ead57b8aef93','bb26a902-3936-4113-bd9f-3262952817ef','de41c5ba-b4a7-4d9b-8143-c4048d3f1931','2019-09-05 17:46:50','2019-09-05 17:46:59'),('565d42e6-adf9-41ca-bfa0-0bff94fe3210','bb26a902-3936-4113-bd9f-3262952817ef','de41c5ba-b4a7-4d9b-8143-c4048d3f1931','2019-09-05 14:17:46','2019-09-05 14:17:58'),('58bd404f-e914-479a-baf9-dac826773dea','5464a7ba-4417-4a21-895d-0902bf4f9343','de41c5ba-b4a7-4d9b-8143-c4048d3f1931','2019-10-17 12:17:00','2019-10-17 12:17:01'),('596872f9-0893-40aa-ae13-26f0fbb7e74d','bb26a902-3936-4113-bd9f-3262952817ef','de41c5ba-b4a7-4d9b-8143-c4048d3f1931','2019-09-05 17:44:42','2019-09-05 17:45:10'),('5f8d736a-4baa-4303-89b0-14af4b3ae40f','bb26a902-3936-4113-bd9f-3262952817ef','de41c5ba-b4a7-4d9b-8143-c4048d3f1931','2019-10-18 22:46:10','2019-10-18 22:46:39'),('6259f581-e2ad-4b98-a05e-bf695722734f','bb26a902-3936-4113-bd9f-3262952817ef','de41c5ba-b4a7-4d9b-8143-c4048d3f1931','2019-10-18 23:42:31','2019-10-18 23:42:51'),('6644f63b-0019-4ad0-b1ab-082d1260fe79','5464a7ba-4417-4a21-895d-0902bf4f9343','de41c5ba-b4a7-4d9b-8143-c4048d3f1931','2019-10-17 12:55:05','2019-10-17 12:58:18'),('6663397b-0482-4be7-93a8-32a6acda3941','900107fd-8205-4288-af9d-41d8a0596748','d751dab2-456c-4cd8-838e-fc9b4fd22f31','2019-10-18 23:13:59','2019-10-18 23:15:05'),('6a22d641-d2f7-4aa1-97cc-103d64c02b90','5464a7ba-4417-4a21-895d-0902bf4f9343','de41c5ba-b4a7-4d9b-8143-c4048d3f1931','2019-10-19 02:10:05',NULL),('6aa64f38-93ca-483d-b886-bfee3bfad8a0','5464a7ba-4417-4a21-895d-0902bf4f9343','de41c5ba-b4a7-4d9b-8143-c4048d3f1931','2019-10-17 12:22:40',NULL),('6ad07d25-3c48-4919-8779-cf9c13e9f388','5464a7ba-4417-4a21-895d-0902bf4f9343','d13f2902-0581-4b6f-8a25-a8e2e0ed201f','2019-09-05 16:48:34','2019-09-05 16:51:21'),('6c9fb115-d990-4318-bc9d-18e8a15eda54','5464a7ba-4417-4a21-895d-0902bf4f9343','de41c5ba-b4a7-4d9b-8143-c4048d3f1931','2019-10-13 22:00:02','2019-10-13 22:00:03'),('6cfe482d-86aa-4dee-9bfd-78f56c7fe1c7','5464a7ba-4417-4a21-895d-0902bf4f9343','de41c5ba-b4a7-4d9b-8143-c4048d3f1931','2019-10-19 14:55:12',NULL),('6d15a13b-a1cf-4eb8-b67a-aaab22b32970','5464a7ba-4417-4a21-895d-0902bf4f9343','de41c5ba-b4a7-4d9b-8143-c4048d3f1931','2019-10-19 14:42:24','2019-10-19 14:42:35'),('6d97aeed-9078-4148-b59e-7374b6d8d465','bb26a902-3936-4113-bd9f-3262952817ef','de41c5ba-b4a7-4d9b-8143-c4048d3f1931','2019-09-05 15:23:24','2019-09-05 15:23:29'),('6dc431d2-286d-415b-8fc1-00471c3e60de','5464a7ba-4417-4a21-895d-0902bf4f9343','de41c5ba-b4a7-4d9b-8143-c4048d3f1931','2019-10-17 11:42:17','2019-10-17 11:42:42'),('6fade059-1732-46da-be03-9d56ac10142a','5464a7ba-4417-4a21-895d-0902bf4f9343','de41c5ba-b4a7-4d9b-8143-c4048d3f1931','2019-08-30 10:30:16',NULL),('703b1f9a-7f48-45f6-944c-f9725467fd9a','900107fd-8205-4288-af9d-41d8a0596748','d751dab2-456c-4cd8-838e-fc9b4fd22f31','2019-10-18 22:46:37','2019-10-18 22:47:07'),('70677750-4f6c-4991-92bf-095b776fc8bd','bb26a902-3936-4113-bd9f-3262952817ef','de41c5ba-b4a7-4d9b-8143-c4048d3f1931','2019-08-30 10:17:27',NULL),('731915b3-172e-433e-81b5-4044003bf2da','5464a7ba-4417-4a21-895d-0902bf4f9343','de41c5ba-b4a7-4d9b-8143-c4048d3f1931','2019-10-19 14:02:19',NULL),('73cc5f95-1fd0-4b3f-82e6-9f219114f4f3','5464a7ba-4417-4a21-895d-0902bf4f9343','de41c5ba-b4a7-4d9b-8143-c4048d3f1931','2019-10-13 21:59:57','2019-10-13 21:59:59'),('7a324d25-5583-4aed-8ac1-13f624288d07','5464a7ba-4417-4a21-895d-0902bf4f9343','de41c5ba-b4a7-4d9b-8143-c4048d3f1931','2019-10-19 14:02:50','2019-10-19 14:02:52'),('7bebda4c-a910-41a8-b613-84a86665aeb7','5464a7ba-4417-4a21-895d-0902bf4f9343','de41c5ba-b4a7-4d9b-8143-c4048d3f1931','2019-10-17 12:18:41','2019-10-17 12:19:13'),('7c32f180-404b-4c02-bb7c-282624cf59e1','5464a7ba-4417-4a21-895d-0902bf4f9343','de41c5ba-b4a7-4d9b-8143-c4048d3f1931','2019-10-18 23:29:03','2019-10-18 23:29:05'),('7cb90c48-cb30-4536-8806-4d538b529df2','5464a7ba-4417-4a21-895d-0902bf4f9343','d751dab2-456c-4cd8-838e-fc9b4fd22f31','2019-10-21 00:59:18','2019-10-21 00:59:19'),('7db0ee76-44e2-457a-ac9e-e9ef4e24cefb','5464a7ba-4417-4a21-895d-0902bf4f9343','d13f2902-0581-4b6f-8a25-a8e2e0ed201f','2019-09-05 17:46:04','2019-09-05 17:46:10'),('7e130e1c-4e62-4045-bcec-6b8de147f5ec','5464a7ba-4417-4a21-895d-0902bf4f9343','d13f2902-0581-4b6f-8a25-a8e2e0ed201f','2019-09-03 16:05:26','2019-09-03 16:06:07'),('85f4b80f-c1c1-41d5-b0de-67a5cc8c25ed','5464a7ba-4417-4a21-895d-0902bf4f9343','de41c5ba-b4a7-4d9b-8143-c4048d3f1931','2019-10-13 21:59:54','2019-10-13 21:59:56'),('8991a1fb-20cc-45c0-ac10-bf9f927ae44a','bb26a902-3936-4113-bd9f-3262952817ef','de41c5ba-b4a7-4d9b-8143-c4048d3f1931','2019-09-05 14:45:24','2019-09-05 14:45:27'),('8c863b6e-8564-487e-82dc-60042d813897','5464a7ba-4417-4a21-895d-0902bf4f9343','d13f2902-0581-4b6f-8a25-a8e2e0ed201f','2019-09-05 16:45:34','2019-09-05 16:45:44'),('8c9fc217-6213-4467-9b94-236bc8469081','5464a7ba-4417-4a21-895d-0902bf4f9343','d751dab2-456c-4cd8-838e-fc9b4fd22f31','2019-10-21 00:59:27','2019-10-21 00:59:28'),('8e1d3805-6216-49ed-a1f4-cfec5e7ee3e5','bb26a902-3936-4113-bd9f-3262952817ef','de41c5ba-b4a7-4d9b-8143-c4048d3f1931','2019-09-05 14:48:41','2019-09-05 14:49:38'),('907f829c-61c6-4a6c-b30d-1f12bda90684','5464a7ba-4417-4a21-895d-0902bf4f9343','de41c5ba-b4a7-4d9b-8143-c4048d3f1931','2019-10-19 14:10:30',NULL),('91a2d7e4-e38e-43eb-b727-5673e9fa2216','900107fd-8205-4288-af9d-41d8a0596748','d751dab2-456c-4cd8-838e-fc9b4fd22f31','2019-10-18 22:42:20','2019-10-18 22:43:52'),('95b08c04-e6f5-4166-bbf3-3fbdaddfb50b','bb26a902-3936-4113-bd9f-3262952817ef','de41c5ba-b4a7-4d9b-8143-c4048d3f1931','2019-10-17 12:09:17','2019-10-17 12:09:43'),('965dfd5c-1ef5-4e33-8580-bff5c0acafa7','5464a7ba-4417-4a21-895d-0902bf4f9343','de41c5ba-b4a7-4d9b-8143-c4048d3f1931','2019-10-19 14:41:57','2019-10-19 14:42:07'),('9a000cec-f460-4dbd-b330-912a541ea77b','5464a7ba-4417-4a21-895d-0902bf4f9343','c2813fcd-1f42-448c-84a3-733aed3ef800','2019-10-21 12:18:11','2019-10-21 12:19:46'),('9a1be6a3-e1e9-4271-a542-f52fa578c44e','5464a7ba-4417-4a21-895d-0902bf4f9343','de41c5ba-b4a7-4d9b-8143-c4048d3f1931','2019-10-19 14:06:22',NULL),('9a93769a-7a46-4b2f-817b-091be5af6146','5464a7ba-4417-4a21-895d-0902bf4f9343','de41c5ba-b4a7-4d9b-8143-c4048d3f1931','2019-10-19 14:42:44','2019-10-19 14:42:46'),('9aa380a4-168b-4a9e-9527-11a10cf9465a','5464a7ba-4417-4a21-895d-0902bf4f9343','de41c5ba-b4a7-4d9b-8143-c4048d3f1931','2019-10-13 22:00:00','2019-10-13 22:00:01'),('a01e400d-a5a6-4ce8-a5e5-2eac921f80f4','5464a7ba-4417-4a21-895d-0902bf4f9343','de41c5ba-b4a7-4d9b-8143-c4048d3f1931','2019-10-19 14:12:18',NULL),('a64edfd0-b551-4e2c-a45d-e8b18026a402','5464a7ba-4417-4a21-895d-0902bf4f9343','de41c5ba-b4a7-4d9b-8143-c4048d3f1931','2019-10-17 12:11:37','2019-10-17 12:12:41'),('a883936b-0e0d-411a-bdb9-011adfec343b','bb26a902-3936-4113-bd9f-3262952817ef','de41c5ba-b4a7-4d9b-8143-c4048d3f1931','2019-10-17 12:02:37','2019-10-17 12:08:35'),('a9573dac-d37b-4c0e-9147-d8091af2f457','5464a7ba-4417-4a21-895d-0902bf4f9343','d13f2902-0581-4b6f-8a25-a8e2e0ed201f','2019-09-05 16:51:22','2019-09-05 16:54:53'),('a9fda86f-5c9e-40d5-8014-d325825d21b7','5464a7ba-4417-4a21-895d-0902bf4f9343','de41c5ba-b4a7-4d9b-8143-c4048d3f1931','2019-10-18 22:35:22',NULL),('ac71498f-7e45-4eb4-b029-0bfccae0986c','bb26a902-3936-4113-bd9f-3262952817ef','de41c5ba-b4a7-4d9b-8143-c4048d3f1931','2019-10-14 23:20:25','2019-10-14 23:20:33'),('af8593ea-eb32-43e3-a9b4-bdb47a05e85e','5464a7ba-4417-4a21-895d-0902bf4f9343','de41c5ba-b4a7-4d9b-8143-c4048d3f1931','2019-10-21 18:45:37','2019-10-21 18:46:41'),('b37eb716-80cc-4a64-a136-ec8936d8d070','5464a7ba-4417-4a21-895d-0902bf4f9343','de41c5ba-b4a7-4d9b-8143-c4048d3f1931','2019-09-05 14:44:58','2019-09-05 14:45:17'),('b42cc9b0-4f72-472c-af16-f707b0502c76','5464a7ba-4417-4a21-895d-0902bf4f9343','de41c5ba-b4a7-4d9b-8143-c4048d3f1931','2019-10-17 12:11:27','2019-10-17 12:11:36'),('b44f4a12-a199-46e2-843b-083ba8c991c8','5464a7ba-4417-4a21-895d-0902bf4f9343','de41c5ba-b4a7-4d9b-8143-c4048d3f1931','2019-10-19 02:17:57',NULL),('b4718d23-c47d-4f3a-8ce2-878a654c6825','5464a7ba-4417-4a21-895d-0902bf4f9343','d13f2902-0581-4b6f-8a25-a8e2e0ed201f','2019-09-05 17:41:58','2019-09-05 17:42:27'),('b5fb5bfc-efec-4b78-ad6a-062d165b6235','5464a7ba-4417-4a21-895d-0902bf4f9343','de41c5ba-b4a7-4d9b-8143-c4048d3f1931','2019-09-05 14:38:44','2019-09-05 14:39:21'),('b8087839-1114-4703-b315-81a34d637841','5464a7ba-4417-4a21-895d-0902bf4f9343','de41c5ba-b4a7-4d9b-8143-c4048d3f1931','2019-10-19 02:16:34',NULL),('b83cfc85-5b41-4daf-93db-6fe46b98c703','5464a7ba-4417-4a21-895d-0902bf4f9343','d751dab2-456c-4cd8-838e-fc9b4fd22f31','2019-10-19 14:47:07',NULL),('b843023c-0f9c-45d3-917e-9a9c4c18623a','5464a7ba-4417-4a21-895d-0902bf4f9343','de41c5ba-b4a7-4d9b-8143-c4048d3f1931','2019-10-13 22:00:08','2019-10-13 22:00:09'),('bb3a549b-6bd3-4d4d-9e2d-8ce63545af5f','5464a7ba-4417-4a21-895d-0902bf4f9343','de41c5ba-b4a7-4d9b-8143-c4048d3f1931','2019-10-17 11:49:35','2019-10-17 11:49:58'),('bb9c4280-1a89-4a5a-9693-9e66c5dd658a','5464a7ba-4417-4a21-895d-0902bf4f9343','d751dab2-456c-4cd8-838e-fc9b4fd22f31','2019-10-13 22:00:13','2019-10-13 22:00:14'),('bbe3585c-174c-4928-a23f-a839c64abea8','5464a7ba-4417-4a21-895d-0902bf4f9343','de41c5ba-b4a7-4d9b-8143-c4048d3f1931','2019-10-19 14:55:25','2019-10-19 14:55:28'),('c009e85b-77e9-40a9-8389-544e00c17fbe','5464a7ba-4417-4a21-895d-0902bf4f9343','de41c5ba-b4a7-4d9b-8143-c4048d3f1931','2019-08-30 10:32:38',NULL),('c518a4c7-c1e7-4343-a8b7-56e4654ff98b','bb26a902-3936-4113-bd9f-3262952817ef','de41c5ba-b4a7-4d9b-8143-c4048d3f1931','2019-09-05 14:43:28','2019-09-05 14:44:00'),('c53887c1-e608-4d6e-99e4-89728896f94f','5464a7ba-4417-4a21-895d-0902bf4f9343','de41c5ba-b4a7-4d9b-8143-c4048d3f1931','2019-10-19 14:39:54',NULL),('c88fe775-19a8-4cad-b2f9-b374404a60d9','5464a7ba-4417-4a21-895d-0902bf4f9343','de41c5ba-b4a7-4d9b-8143-c4048d3f1931','2019-10-18 23:29:23','2019-10-18 23:29:54'),('c8c423fc-55f5-40bf-b15d-79f827933714','5464a7ba-4417-4a21-895d-0902bf4f9343','d13f2902-0581-4b6f-8a25-a8e2e0ed201f','2019-09-05 16:44:51','2019-09-05 16:45:01'),('c8d577d9-d2e9-4203-88d0-4c8ca35da6a1','5464a7ba-4417-4a21-895d-0902bf4f9343','de41c5ba-b4a7-4d9b-8143-c4048d3f1931','2019-10-19 13:42:07',NULL),('c906b790-4862-413b-b76b-21d06dfa9951','5464a7ba-4417-4a21-895d-0902bf4f9343','de41c5ba-b4a7-4d9b-8143-c4048d3f1931','2019-10-19 02:05:11',NULL),('c9cec4f7-8f3c-4e07-8946-c7c35900b906','bb26a902-3936-4113-bd9f-3262952817ef','de41c5ba-b4a7-4d9b-8143-c4048d3f1931','2019-10-19 01:58:53',NULL),('cae3b133-53b7-4ca3-b0bc-21220b3a3940','5464a7ba-4417-4a21-895d-0902bf4f9343','d13f2902-0581-4b6f-8a25-a8e2e0ed201f','2019-10-19 14:29:06',NULL),('cca87161-264b-47ac-92a7-34309e1b1f85','bb26a902-3936-4113-bd9f-3262952817ef','de41c5ba-b4a7-4d9b-8143-c4048d3f1931','2019-10-17 12:11:18','2019-10-17 12:11:24'),('d0f32cb9-5261-4b57-94fd-07853226f10d','5464a7ba-4417-4a21-895d-0902bf4f9343','de41c5ba-b4a7-4d9b-8143-c4048d3f1931','2019-10-19 14:40:28','2019-10-19 14:41:00'),('d2654891-b00e-40cb-94bb-1e7c1122ecba','5464a7ba-4417-4a21-895d-0902bf4f9343','de41c5ba-b4a7-4d9b-8143-c4048d3f1931','2019-10-17 11:53:21','2019-10-17 11:53:38'),('d4372843-a737-4244-b338-199c3eef4960','5464a7ba-4417-4a21-895d-0902bf4f9343','c2813fcd-1f42-448c-84a3-733aed3ef800','2019-10-21 12:19:52','2019-10-21 12:19:56'),('d4a6c4b0-26de-48e9-bcd7-7cf969bbc7df','5464a7ba-4417-4a21-895d-0902bf4f9343','de41c5ba-b4a7-4d9b-8143-c4048d3f1931','2019-10-19 13:47:17',NULL),('d70cd9af-98a0-460a-9fcc-fc8dcb82b49f','5464a7ba-4417-4a21-895d-0902bf4f9343','de41c5ba-b4a7-4d9b-8143-c4048d3f1931','2019-10-19 14:42:48','2019-10-19 14:42:50'),('d7b814f9-45f2-4724-be69-422b5800c311','5464a7ba-4417-4a21-895d-0902bf4f9343','de41c5ba-b4a7-4d9b-8143-c4048d3f1931','2019-10-17 12:20:22','2019-10-17 12:20:51'),('dc5d263f-44b2-4957-abec-a70c85ed779e','bb26a902-3936-4113-bd9f-3262952817ef','de41c5ba-b4a7-4d9b-8143-c4048d3f1931','2019-10-20 11:46:48','2019-10-20 11:47:25'),('dd7d3a14-1c82-4253-ab18-11019918414b','5464a7ba-4417-4a21-895d-0902bf4f9343','de41c5ba-b4a7-4d9b-8143-c4048d3f1931','2019-10-20 09:13:07','2019-10-20 09:13:09'),('df6f454c-0548-4fc1-91bf-ec5a2aeed7f6','5464a7ba-4417-4a21-895d-0902bf4f9343','de41c5ba-b4a7-4d9b-8143-c4048d3f1931','2019-10-18 23:39:00','2019-10-18 23:40:31'),('e1a79d39-04a4-4221-8196-fc7954b2ed58','5464a7ba-4417-4a21-895d-0902bf4f9343','de41c5ba-b4a7-4d9b-8143-c4048d3f1931','2019-10-19 13:40:43',NULL),('e2481bb4-b8bb-4b92-bdbf-0821b53c6d79','5464a7ba-4417-4a21-895d-0902bf4f9343','de41c5ba-b4a7-4d9b-8143-c4048d3f1931','2019-10-19 02:09:34',NULL),('e4467e01-55de-4b6d-8f87-2092e0b5982a','5464a7ba-4417-4a21-895d-0902bf4f9343','de41c5ba-b4a7-4d9b-8143-c4048d3f1931','2019-10-19 14:42:52','2019-10-19 14:43:00'),('e54ba466-cda3-474a-90a4-945d9c4a50f2','5464a7ba-4417-4a21-895d-0902bf4f9343','de41c5ba-b4a7-4d9b-8143-c4048d3f1931','2019-10-19 13:48:07',NULL),('e57d57f0-dfcc-4a26-8960-ca549c307835','5464a7ba-4417-4a21-895d-0902bf4f9343','de41c5ba-b4a7-4d9b-8143-c4048d3f1931','2019-10-19 13:43:59',NULL),('e7e94446-8a78-40b7-9f4f-9a7ac18dfc15','5464a7ba-4417-4a21-895d-0902bf4f9343','de41c5ba-b4a7-4d9b-8143-c4048d3f1931','2019-10-14 23:20:13','2019-10-14 23:20:24'),('eb476b1a-d9b1-43d3-965c-92657bd3cdae','5464a7ba-4417-4a21-895d-0902bf4f9343','de41c5ba-b4a7-4d9b-8143-c4048d3f1931','2019-10-18 22:33:07','2019-10-18 22:34:04'),('ecf01c4b-4468-40a2-a96d-3ec9fd47af3e','bb26a902-3936-4113-bd9f-3262952817ef','de41c5ba-b4a7-4d9b-8143-c4048d3f1931','2019-10-18 22:41:28','2019-10-18 22:42:21'),('edeea907-07ce-4c25-8c01-3500358e045f','5464a7ba-4417-4a21-895d-0902bf4f9343','de41c5ba-b4a7-4d9b-8143-c4048d3f1931','2019-10-19 14:42:36','2019-10-19 14:42:38'),('eefbd6e4-f4cf-4ed0-b336-3c2479315ec0','5464a7ba-4417-4a21-895d-0902bf4f9343','de41c5ba-b4a7-4d9b-8143-c4048d3f1931','2019-10-19 13:52:18',NULL),('ef8ca9d9-00d7-41db-8f4e-449e78ea8d3e','bb26a902-3936-4113-bd9f-3262952817ef','de41c5ba-b4a7-4d9b-8143-c4048d3f1931','2019-09-05 17:47:39','2019-09-05 17:48:19'),('f1f99bb2-9d85-411e-8b0d-bcfa4208c58e','5464a7ba-4417-4a21-895d-0902bf4f9343','de41c5ba-b4a7-4d9b-8143-c4048d3f1931','2019-10-19 01:59:26','2019-10-19 01:59:46'),('f2ef7a71-75ad-4b58-a22e-e9102809b761','bb26a902-3936-4113-bd9f-3262952817ef','de41c5ba-b4a7-4d9b-8143-c4048d3f1931','2019-09-05 14:42:19','2019-09-05 14:42:30'),('f4a74c30-7941-4dc5-93f6-9d23b7c8d190','5464a7ba-4417-4a21-895d-0902bf4f9343','de41c5ba-b4a7-4d9b-8143-c4048d3f1931','2019-10-19 14:42:41','2019-10-19 14:42:43'),('f4a970d4-ad17-402e-be8c-b3d08c83d68d','bb26a902-3936-4113-bd9f-3262952817ef','de41c5ba-b4a7-4d9b-8143-c4048d3f1931','2019-08-30 10:14:10',NULL),('f6dd827e-debf-473b-91fb-a6918fd62af1','bb26a902-3936-4113-bd9f-3262952817ef','de41c5ba-b4a7-4d9b-8143-c4048d3f1931','2019-09-07 11:58:57','2019-09-07 11:59:06'),('f98eb0d0-ef6b-47ed-bf46-d7326e51d800','bb26a902-3936-4113-bd9f-3262952817ef','de41c5ba-b4a7-4d9b-8143-c4048d3f1931','2019-09-05 14:40:19','2019-09-05 14:40:40'),('fa764739-e7f8-4f24-963b-c784f89e30ed','bb26a902-3936-4113-bd9f-3262952817ef','de41c5ba-b4a7-4d9b-8143-c4048d3f1931','2019-09-05 14:44:38','2019-09-05 14:44:53'),('faedd98a-7d77-40cc-adbf-b7fc557b984d','5464a7ba-4417-4a21-895d-0902bf4f9343','de41c5ba-b4a7-4d9b-8143-c4048d3f1931','2019-10-17 12:15:51','2019-10-17 12:16:52'),('fc2501a4-fac1-407d-aafd-bf6be8ab7181','5464a7ba-4417-4a21-895d-0902bf4f9343','de41c5ba-b4a7-4d9b-8143-c4048d3f1931','2019-10-19 02:02:32','2019-10-19 02:02:56'),('ff3651d8-5e52-44df-afbb-47b957eca0ef','bb26a902-3936-4113-bd9f-3262952817ef','de41c5ba-b4a7-4d9b-8143-c4048d3f1931','2019-10-17 12:09:11','2019-10-17 12:09:16');
/*!40000 ALTER TABLE `calls` ENABLE KEYS */;
UNLOCK TABLES;

--
-- Table structure for table `channel_members`
--

DROP TABLE IF EXISTS `channel_members`;
/*!40101 SET @saved_cs_client     = @@character_set_client */;
 SET character_set_client = utf8mb4 ;
CREATE TABLE `channel_members` (
  `channel_id` varchar(36) NOT NULL,
  `member_id` varchar(36) NOT NULL,
  PRIMARY KEY (`channel_id`,`member_id`),
  KEY `fk_user_id_idx` (`member_id`),
  CONSTRAINT `channel_members_channel_id_fk` FOREIGN KEY (`channel_id`) REFERENCES `channels` (`id`) ON DELETE CASCADE ON UPDATE RESTRICT,
  CONSTRAINT `channel_members_member_id_fk` FOREIGN KEY (`member_id`) REFERENCES `users` (`id`) ON DELETE CASCADE ON UPDATE RESTRICT
) ENGINE=InnoDB DEFAULT CHARSET=utf8mb4 COLLATE=utf8mb4_0900_ai_ci;
/*!40101 SET character_set_client = @saved_cs_client */;

--
-- Dumping data for table `channel_members`
--

LOCK TABLES `channel_members` WRITE;
/*!40000 ALTER TABLE `channel_members` DISABLE KEYS */;
INSERT INTO `channel_members` VALUES ('21472105-1e65-466f-b16c-2450eb18e1b4','0739e80c-b634-4f9e-a54f-5ee75d441a96'),('a7b13885-51f2-44ab-890d-f3263e4d9fa1','0739e80c-b634-4f9e-a54f-5ee75d441a96'),('4990dba2-0b8b-4ff0-83f5-eb5b22711c4c','20734f93-c8d3-48a8-a6a6-e554a42395d8'),('49dc2dce-509d-46af-a563-05bef5ddcc67','32b0358b-a54d-48f1-b7a6-2c48d9470d6a'),('7d834d31-7f90-4519-a672-0f670622a810','32b0358b-a54d-48f1-b7a6-2c48d9470d6a'),('9ddeb7ed-7f61-4352-9f38-908133626be3','32b0358b-a54d-48f1-b7a6-2c48d9470d6a'),('d13f2902-0581-4b6f-8a25-a8e2e0ed201f','32b0358b-a54d-48f1-b7a6-2c48d9470d6a'),('2e98d4b8-8cf0-4726-a2d5-285bf3b3adfc','530e9407-7cfd-4be4-9cc6-70ab38e6310c'),('48f66837-376e-4720-9c33-46fde29f1376','530e9407-7cfd-4be4-9cc6-70ab38e6310c'),('7d834d31-7f90-4519-a672-0f670622a810','530e9407-7cfd-4be4-9cc6-70ab38e6310c'),('0cd67371-c1de-4a9e-bb6e-431066ecfc19','5464a7ba-4417-4a21-895d-0902bf4f9343'),('2e98d4b8-8cf0-4726-a2d5-285bf3b3adfc','5464a7ba-4417-4a21-895d-0902bf4f9343'),('4990dba2-0b8b-4ff0-83f5-eb5b22711c4c','5464a7ba-4417-4a21-895d-0902bf4f9343'),('8c5a7e79-b0e7-4b5b-a69e-0f8271e81413','5464a7ba-4417-4a21-895d-0902bf4f9343'),('94710058-8c4f-47f6-8c05-49b0d6942329','5464a7ba-4417-4a21-895d-0902bf4f9343'),('a6f2bba9-f0ac-4933-b420-f2af420573da','5464a7ba-4417-4a21-895d-0902bf4f9343'),('a7b13885-51f2-44ab-890d-f3263e4d9fa1','5464a7ba-4417-4a21-895d-0902bf4f9343'),('adb74822-a827-4612-91e2-96009b13b30d','5464a7ba-4417-4a21-895d-0902bf4f9343'),('b234a52e-31ab-4c6e-b5ac-8ecd1cb870bf','5464a7ba-4417-4a21-895d-0902bf4f9343'),('c2813fcd-1f42-448c-84a3-733aed3ef800','5464a7ba-4417-4a21-895d-0902bf4f9343'),('ca297f48-7e30-4773-834e-5f6c4b12c6bd','5464a7ba-4417-4a21-895d-0902bf4f9343'),('d13f2902-0581-4b6f-8a25-a8e2e0ed201f','5464a7ba-4417-4a21-895d-0902bf4f9343'),('d751dab2-456c-4cd8-838e-fc9b4fd22f31','5464a7ba-4417-4a21-895d-0902bf4f9343'),('de41c5ba-b4a7-4d9b-8143-c4048d3f1931','5464a7ba-4417-4a21-895d-0902bf4f9343'),('e9a584c5-eb80-4138-87dd-7f019203d401','5464a7ba-4417-4a21-895d-0902bf4f9343'),('f1e5304d-cadf-4858-bb80-5971e2f0104e','5464a7ba-4417-4a21-895d-0902bf4f9343'),('0cd67371-c1de-4a9e-bb6e-431066ecfc19','68dcca8e-2704-46e9-9f30-b7b5b0a77e96'),('49dc2dce-509d-46af-a563-05bef5ddcc67','79bbcce2-01f4-4e12-b88d-c3f985d960f5'),('b234a52e-31ab-4c6e-b5ac-8ecd1cb870bf','79bbcce2-01f4-4e12-b88d-c3f985d960f5'),('21472105-1e65-466f-b16c-2450eb18e1b4','7d612d87-e2e9-4734-b6b2-b410b47d7995'),('9ddeb7ed-7f61-4352-9f38-908133626be3','7d612d87-e2e9-4734-b6b2-b410b47d7995'),('f1e5304d-cadf-4858-bb80-5971e2f0104e','7d612d87-e2e9-4734-b6b2-b410b47d7995'),('d751dab2-456c-4cd8-838e-fc9b4fd22f31','900107fd-8205-4288-af9d-41d8a0596748'),('c2813fcd-1f42-448c-84a3-733aed3ef800','a267ebf7-81da-4863-b6c5-5fd40efff636'),('b8725c62-35ea-4431-bbea-6aca9a31a151','a88814cb-961e-438a-b14e-53f6bc549e32'),('e9a584c5-eb80-4138-87dd-7f019203d401','a88814cb-961e-438a-b14e-53f6bc549e32'),('8c5a7e79-b0e7-4b5b-a69e-0f8271e81413','aa0722a9-f7ef-400e-94f5-abeea3748e7f'),('b8725c62-35ea-4431-bbea-6aca9a31a151','bb26a902-3936-4113-bd9f-3262952817ef'),('de41c5ba-b4a7-4d9b-8143-c4048d3f1931','bb26a902-3936-4113-bd9f-3262952817ef'),('adb74822-a827-4612-91e2-96009b13b30d','ea7dfe2e-acb9-4f01-93e5-413c24157e10'),('94710058-8c4f-47f6-8c05-49b0d6942329','ed6f6d9b-537c-43c1-96ae-84110fe5a9d5'),('a6f2bba9-f0ac-4933-b420-f2af420573da','f096a34d-a572-4dfe-b66e-7fad1274631e');
/*!40000 ALTER TABLE `channel_members` ENABLE KEYS */;
UNLOCK TABLES;

--
-- Table structure for table `channels`
--

DROP TABLE IF EXISTS `channels`;
/*!40101 SET @saved_cs_client     = @@character_set_client */;
 SET character_set_client = utf8mb4 ;
CREATE TABLE `channels` (
  `id` varchar(36) NOT NULL,
  `is_private` tinyint(4) NOT NULL DEFAULT '0',
  `created_at` timestamp NOT NULL DEFAULT CURRENT_TIMESTAMP,
  PRIMARY KEY (`id`),
  UNIQUE KEY `id_UNIQUE` (`id`)
) ENGINE=InnoDB DEFAULT CHARSET=utf8mb4 COLLATE=utf8mb4_0900_ai_ci;
/*!40101 SET character_set_client = @saved_cs_client */;

--
-- Dumping data for table `channels`
--

LOCK TABLES `channels` WRITE;
/*!40000 ALTER TABLE `channels` DISABLE KEYS */;
INSERT INTO `channels` VALUES ('0cd67371-c1de-4a9e-bb6e-431066ecfc19',1,'2019-06-25 10:36:47'),('21472105-1e65-466f-b16c-2450eb18e1b4',1,'2019-06-27 11:56:04'),('2e98d4b8-8cf0-4726-a2d5-285bf3b3adfc',1,'2019-06-14 14:58:33'),('48f66837-376e-4720-9c33-46fde29f1376',1,'2019-06-15 00:01:35'),('4990dba2-0b8b-4ff0-83f5-eb5b22711c4c',1,'2019-06-25 01:59:54'),('49dc2dce-509d-46af-a563-05bef5ddcc67',1,'2019-06-14 13:12:45'),('7d834d31-7f90-4519-a672-0f670622a810',1,'2019-06-14 14:58:48'),('8c5a7e79-b0e7-4b5b-a69e-0f8271e81413',1,'2019-06-25 10:41:27'),('94710058-8c4f-47f6-8c05-49b0d6942329',1,'2019-06-25 01:51:37'),('9ddeb7ed-7f61-4352-9f38-908133626be3',1,'2019-06-27 11:52:29'),('a6f2bba9-f0ac-4933-b420-f2af420573da',1,'2019-06-25 10:41:27'),('a7b13885-51f2-44ab-890d-f3263e4d9fa1',1,'2019-06-25 01:48:52'),('adb74822-a827-4612-91e2-96009b13b30d',1,'2019-10-19 17:15:12'),('b234a52e-31ab-4c6e-b5ac-8ecd1cb870bf',1,'2019-06-25 10:39:59'),('b8725c62-35ea-4431-bbea-6aca9a31a151',1,'2019-08-25 13:02:57'),('c2813fcd-1f42-448c-84a3-733aed3ef800',1,'2019-08-22 21:13:47'),('ca297f48-7e30-4773-834e-5f6c4b12c6bd',1,'2019-06-14 14:58:17'),('d13f2902-0581-4b6f-8a25-a8e2e0ed201f',1,'2019-06-14 14:58:03'),('d751dab2-456c-4cd8-838e-fc9b4fd22f31',1,'2019-08-28 12:37:48'),('de41c5ba-b4a7-4d9b-8143-c4048d3f1931',1,'2019-08-20 16:43:55'),('e9a584c5-eb80-4138-87dd-7f019203d401',1,'2019-08-22 21:16:28'),('f1e5304d-cadf-4858-bb80-5971e2f0104e',1,'2019-06-25 01:51:24');
/*!40000 ALTER TABLE `channels` ENABLE KEYS */;
UNLOCK TABLES;

--
-- Table structure for table `files`
--

DROP TABLE IF EXISTS `files`;
/*!40101 SET @saved_cs_client     = @@character_set_client */;
 SET character_set_client = utf8mb4 ;
CREATE TABLE `files` (
  `id` varchar(36) NOT NULL,
  `uploader_id` varchar(36) NOT NULL,
  `name` text NOT NULL,
  `size` bigint(20) NOT NULL,
  `uploaded_at` timestamp NOT NULL DEFAULT CURRENT_TIMESTAMP,
  PRIMARY KEY (`id`),
  UNIQUE KEY `id_UNIQUE` (`id`),
  KEY `files_uploader_id_fk_idx` (`uploader_id`),
  CONSTRAINT `files_uploader_id_fk` FOREIGN KEY (`uploader_id`) REFERENCES `users` (`id`) ON DELETE CASCADE ON UPDATE RESTRICT
) ENGINE=InnoDB DEFAULT CHARSET=utf8mb4 COLLATE=utf8mb4_0900_ai_ci;
/*!40101 SET character_set_client = @saved_cs_client */;

--
-- Dumping data for table `files`
--

LOCK TABLES `files` WRITE;
/*!40000 ALTER TABLE `files` DISABLE KEYS */;
INSERT INTO `files` VALUES ('00dfdbe9-c613-43fa-a4de-455ebd9d7e6e','5464a7ba-4417-4a21-895d-0902bf4f9343','trying',635,'2019-10-20 23:35:14'),('052e910c-0b94-4c4b-9518-95ad3adb1501','5464a7ba-4417-4a21-895d-0902bf4f9343','trying',635,'2019-10-20 23:37:59'),('06f8bfa3-f1d6-4485-b534-32ca34c13d05','5464a7ba-4417-4a21-895d-0902bf4f9343','trying',635,'2019-10-20 23:20:12'),('0ac02515-3702-472b-a7c1-d75eaa546cfd','5464a7ba-4417-4a21-895d-0902bf4f9343','trying',635,'2019-10-21 01:43:51'),('0af4c537-c50c-4b50-b194-4ff1a61a3bd0','5464a7ba-4417-4a21-895d-0902bf4f9343','trying2',492830720,'2019-10-21 23:09:32'),('0be40c28-8aea-49cc-91ed-d5a6b8acc2d6','5464a7ba-4417-4a21-895d-0902bf4f9343','AppIcon.icns',635831,'2019-10-21 01:53:00'),('0e0f3d02-793a-4910-93d9-1d6c39062bb6','5464a7ba-4417-4a21-895d-0902bf4f9343','1',492830720,'2019-10-16 20:08:22'),('0e1fdf3b-d41d-4eb2-b0ef-6912d66e54b2','5464a7ba-4417-4a21-895d-0902bf4f9343','trying',635,'2019-10-20 23:27:58'),('0ee96e9e-2f87-453d-aa10-af93e4df5524','5464a7ba-4417-4a21-895d-0902bf4f9343','Thumb.png',2160069,'2019-10-15 16:57:18'),('0fec6d35-14a0-4caf-bbe6-0325ce5ab20e','5464a7ba-4417-4a21-895d-0902bf4f9343','trying2',492830720,'2019-10-21 01:01:46'),('100bed43-dffa-44ab-98db-675c6449c8fd','5464a7ba-4417-4a21-895d-0902bf4f9343','trying2',492830720,'2019-10-21 19:12:01'),('1054692e-2ed7-4b4a-85d5-58bb2e51fc2c','5464a7ba-4417-4a21-895d-0902bf4f9343','trying',635,'2019-10-20 23:11:39'),('12c9b31d-8517-4225-bc7c-efc85e337825','5464a7ba-4417-4a21-895d-0902bf4f9343','trying2',492830720,'2019-10-21 20:32:25'),('1775fd3f-f10d-4fa5-b0d7-e839a20a03ff','5464a7ba-4417-4a21-895d-0902bf4f9343','trying',635,'2019-10-20 23:18:31'),('183c9a78-2c01-417d-adb2-108590cee111','5464a7ba-4417-4a21-895d-0902bf4f9343','bot_env.sh',635,'2019-10-21 15:51:04'),('188a2e8c-8dd7-46f7-91aa-49bb0d0b5915','5464a7ba-4417-4a21-895d-0902bf4f9343','Thumb.png',2160069,'2019-10-15 17:25:43'),('1afcdb66-80dc-4a5b-bc8a-3a406ae03f36','5464a7ba-4417-4a21-895d-0902bf4f9343','1',492830720,'2019-10-16 20:42:30'),('1bc0b52a-62a4-4df0-b1e0-daadc3be4332','5464a7ba-4417-4a21-895d-0902bf4f9343','trying2',492830720,'2019-10-21 20:30:01'),('1e52115e-ff7b-4e2b-a72e-bdc3a7b33578','5464a7ba-4417-4a21-895d-0902bf4f9343','trying2',492830720,'2019-10-21 01:43:36'),('208965ac-c031-4b23-be0f-96237cf8123b','5464a7ba-4417-4a21-895d-0902bf4f9343','Thumb.png',2160069,'2019-10-15 16:56:52'),('24c046e2-bc07-44ae-b321-7e484760aee7','5464a7ba-4417-4a21-895d-0902bf4f9343','trying2',492830720,'2019-10-21 00:09:16'),('2612adbf-d1aa-4668-82b3-f30ac7b98514','5464a7ba-4417-4a21-895d-0902bf4f9343','trying2',492830720,'2019-10-21 12:38:16'),('2f286d4e-d5b8-4314-b733-98a348fa57c3','5464a7ba-4417-4a21-895d-0902bf4f9343','OVMF-pure-efi.fd',2097152,'2019-10-21 01:54:30'),('2fc10f04-918f-4b0d-a3df-ecfffea88eb5','5464a7ba-4417-4a21-895d-0902bf4f9343','1',492830720,'2019-10-16 20:45:45'),('352aca13-d067-400c-ac1e-e567e8243ce8','5464a7ba-4417-4a21-895d-0902bf4f9343','trying',635,'2019-10-20 23:30:04'),('363ab68b-cad5-4643-88b6-c0e0e7fab7dc','5464a7ba-4417-4a21-895d-0902bf4f9343','trying2',492830720,'2019-10-21 00:01:44'),('380aa52d-260b-4598-a52d-4e3db1199e4a','5464a7ba-4417-4a21-895d-0902bf4f9343','trying3',105971712,'2019-10-21 21:05:53'),('391644ec-b861-4f19-bc60-272775fe3ed2','5464a7ba-4417-4a21-895d-0902bf4f9343','quesync.png',455839,'2019-10-21 01:44:11'),('39b717a3-3823-48d0-a1b2-ca8bc07de87f','5464a7ba-4417-4a21-895d-0902bf4f9343','trying',635,'2019-10-20 23:25:25'),('3c5e92b0-f364-4f1d-8de5-ab1c68c812f6','5464a7ba-4417-4a21-895d-0902bf4f9343','trying',635,'2019-10-20 23:56:37'),('3e22be06-1cc6-4d8f-b251-664258a7a106','5464a7ba-4417-4a21-895d-0902bf4f9343','trying2',492830720,'2019-10-21 02:08:41'),('3f2d7299-5db1-4da1-ba42-0e153ee4c4d9','5464a7ba-4417-4a21-895d-0902bf4f9343','trying2',492830720,'2019-10-21 02:35:34'),('40e6135e-9365-4969-9f31-86ac2407aa75','5464a7ba-4417-4a21-895d-0902bf4f9343','trying',635,'2019-10-20 23:19:09'),('41b595f5-71b6-4edc-b971-825623d1f0bb','5464a7ba-4417-4a21-895d-0902bf4f9343','trying',635,'2019-10-20 23:23:38'),('42e33b25-b35e-4dc7-8452-1b19946ec511','5464a7ba-4417-4a21-895d-0902bf4f9343','Thumb.png',2160069,'2019-10-15 16:54:21'),('42e464fd-593e-4764-a74f-343931dd06e6','5464a7ba-4417-4a21-895d-0902bf4f9343','trying',635,'2019-10-21 00:00:45'),('44b8fe62-60a6-426d-b4d1-9a488adaee7a','900107fd-8205-4288-af9d-41d8a0596748','Untitled.pcx',7328,'2019-10-21 23:11:16'),('44bd6ec3-ab93-4707-9f01-f1839510d585','5464a7ba-4417-4a21-895d-0902bf4f9343','trying2',492830720,'2019-10-21 01:35:32'),('47384ad9-a6a6-4c5a-8322-b979b65bef06','5464a7ba-4417-4a21-895d-0902bf4f9343','trying2',492830720,'2019-10-21 21:04:04'),('48b67f9e-6ab1-4b73-b97a-e96ad54d3af0','5464a7ba-4417-4a21-895d-0902bf4f9343','trying2',492830720,'2019-10-21 02:28:58'),('48d681ba-4844-4b43-b4dc-7eb8d69f52b9','5464a7ba-4417-4a21-895d-0902bf4f9343','trying2',492830720,'2019-10-21 02:14:52'),('4d699332-fc5e-4e9b-bdc7-1dbb330bc8e2','5464a7ba-4417-4a21-895d-0902bf4f9343','trying2',492830720,'2019-10-20 23:02:38'),('4f096d21-f6da-467c-a443-7105ae2b882d','5464a7ba-4417-4a21-895d-0902bf4f9343','trying2',492830720,'2019-10-21 01:03:36'),('4f2deb9a-078e-424c-a62e-0e2071b94005','5464a7ba-4417-4a21-895d-0902bf4f9343','trying2',492830720,'2019-10-21 02:52:21'),('50c80699-ed83-4235-829b-1da5a1e8fb09','5464a7ba-4417-4a21-895d-0902bf4f9343','trying2',492830720,'2019-10-21 01:42:11'),('51e436aa-b464-435b-931e-2e34980cf68d','5464a7ba-4417-4a21-895d-0902bf4f9343','Thumb.png',2160069,'2019-10-15 17:00:28'),('587ce985-bf8b-4cca-a5e3-9270b5423a4b','5464a7ba-4417-4a21-895d-0902bf4f9343','trying3',105971712,'2019-10-21 21:08:25'),('5d6ca37d-6bdd-4d21-9f59-256200f8b7e3','5464a7ba-4417-4a21-895d-0902bf4f9343','trying2',492830720,'2019-10-21 20:35:46'),('5d800473-97b2-4726-ad44-1676fe056188','5464a7ba-4417-4a21-895d-0902bf4f9343','trying2',492830720,'2019-10-21 02:33:16'),('5d81dc04-eb77-4d48-9cbb-3b2acbb1305f','5464a7ba-4417-4a21-895d-0902bf4f9343','trying',635,'2019-10-20 23:36:01'),('60446f1f-3815-47f9-9e50-4249492f187e','5464a7ba-4417-4a21-895d-0902bf4f9343','trying',635,'2019-10-20 23:59:17'),('617bf70b-130b-44df-bd38-0c08613fbbb3','5464a7ba-4417-4a21-895d-0902bf4f9343','trying2',492830720,'2019-10-21 01:01:44'),('6235da7d-9fe3-40e4-99c2-b695aefef976','5464a7ba-4417-4a21-895d-0902bf4f9343','  Linux.docx',1171418,'2019-10-21 02:25:12'),('639bc780-3b23-4979-95c6-0986088b5b2a','5464a7ba-4417-4a21-895d-0902bf4f9343','1',492830720,'2019-10-16 21:03:32'),('63bd7d3d-4c5e-4c16-992c-0466c531f374','5464a7ba-4417-4a21-895d-0902bf4f9343','Rain Man & Krysta Youngs - Habit (T-Mass Remix)-wFvMD5rzuvY.mp3',3831597,'2019-10-21 02:17:29'),('6802a7dc-b470-465b-b227-74b3fab26ae7','5464a7ba-4417-4a21-895d-0902bf4f9343','Thumb.png',2160069,'2019-10-15 16:53:34'),('6a545b68-6ba7-49cd-8666-e91105e438a2','5464a7ba-4417-4a21-895d-0902bf4f9343','trying2',492830720,'2019-10-21 00:58:48'),('6ad5e298-4e11-4389-9357-52f151195a41','5464a7ba-4417-4a21-895d-0902bf4f9343','trying',635,'2019-10-20 23:58:40'),('6d1563c8-c4d4-4c9f-b033-bfdf0b313be8','5464a7ba-4417-4a21-895d-0902bf4f9343','1',492830720,'2019-10-16 19:57:17'),('6d44b6d2-843c-4d02-b8df-085a36190b98','5464a7ba-4417-4a21-895d-0902bf4f9343','trying2',492830720,'2019-10-21 01:00:14'),('6edaa7b4-f295-484b-afe6-43777a80b37f','5464a7ba-4417-4a21-895d-0902bf4f9343','trying2',492830720,'2019-10-21 21:05:17'),('7046f617-82a4-4084-93f0-98a2043c373c','5464a7ba-4417-4a21-895d-0902bf4f9343','trying2',492830720,'2019-10-21 00:07:39'),('70b71462-c92e-4335-95af-54e6099d4a20','5464a7ba-4417-4a21-895d-0902bf4f9343','Banner Guide.png',859524,'2019-10-21 02:08:15'),('7350d925-57e6-4a22-b1d2-2198eb3843d9','5464a7ba-4417-4a21-895d-0902bf4f9343','trying',635,'2019-10-21 02:43:14'),('75205025-b646-42df-9f84-69402d716e4d','5464a7ba-4417-4a21-895d-0902bf4f9343','trying',635,'2019-10-20 23:24:06'),('76cfb05b-a1e8-4134-b7c4-50e72351ee28','5464a7ba-4417-4a21-895d-0902bf4f9343','trying2',492830720,'2019-10-21 12:42:54'),('7870fbd4-e979-4cbb-9919-7fecf4f5ef1d','5464a7ba-4417-4a21-895d-0902bf4f9343','i686-elf-gcc-nm',39472,'2019-10-21 01:44:25'),('7a24c5f6-11b4-4636-85e3-06ec99de1ef6','5464a7ba-4417-4a21-895d-0902bf4f9343','trying2',492830720,'2019-10-21 02:27:51'),('7a759f7f-d5d1-41d9-8fba-93c310645ab6','5464a7ba-4417-4a21-895d-0902bf4f9343','trying',635,'2019-10-20 23:19:44'),('7a863833-cf0e-467f-ba80-9976241bf770','5464a7ba-4417-4a21-895d-0902bf4f9343','trying2',492830720,'2019-10-21 20:32:10'),('7c323741-02e4-4f8f-baec-8f2c60d0238b','5464a7ba-4417-4a21-895d-0902bf4f9343','trying2',492830720,'2019-10-21 02:48:52'),('7d90ff64-a02f-427d-900a-05c12d278915','5464a7ba-4417-4a21-895d-0902bf4f9343','Thumb.png',2160069,'2019-10-15 17:06:56'),('7e1e1e4b-e3b7-4d3b-a8ca-8707b18ad5f3','5464a7ba-4417-4a21-895d-0902bf4f9343','trying',635,'2019-10-20 23:04:28'),('7f72945f-527a-4421-b50b-2da681f444e9','5464a7ba-4417-4a21-895d-0902bf4f9343','trying2',492830720,'2019-10-20 23:03:11'),('80389e10-f024-4a5a-90ba-a4c4d67b9be9','5464a7ba-4417-4a21-895d-0902bf4f9343','Thumb.png',2160069,'2019-10-15 17:06:39'),('8091a506-dc19-4f7f-9651-af2bebe20dc4','5464a7ba-4417-4a21-895d-0902bf4f9343','trying2',492830720,'2019-10-21 02:52:49'),('80a1b61a-7f05-49b7-b079-7dd678f216d0','5464a7ba-4417-4a21-895d-0902bf4f9343','trying',635,'2019-10-21 02:14:50'),('80c09402-7f07-4435-b8c2-bf774d667f9a','5464a7ba-4417-4a21-895d-0902bf4f9343','trying2',492830720,'2019-10-21 01:00:13'),('8242e1a2-fecf-489e-b99f-90edb5257487','5464a7ba-4417-4a21-895d-0902bf4f9343','trying2',492830720,'2019-10-21 00:56:11'),('842a165f-861d-4ed9-9a73-bfb1bc81e636','5464a7ba-4417-4a21-895d-0902bf4f9343','2.png',1142583,'2019-10-21 12:35:09'),('84d0d400-34cc-4863-8c8f-82e1189f8ebc','5464a7ba-4417-4a21-895d-0902bf4f9343','Thumb.png',2160069,'2019-10-15 16:45:47'),('89d2e7ba-470e-4e45-aa0e-911886ebab71','5464a7ba-4417-4a21-895d-0902bf4f9343','trying2',492830720,'2019-10-21 20:02:03'),('8a578220-cbc1-4bec-87fa-8c9319811496','5464a7ba-4417-4a21-895d-0902bf4f9343','trying2',492830720,'2019-10-21 00:16:35'),('8c60b9f0-6282-47bc-9d85-98f8f52b8bdc','5464a7ba-4417-4a21-895d-0902bf4f9343','trying2',492830720,'2019-10-21 20:29:10'),('8de381d3-042b-4d6e-9849-8d65e691c611','5464a7ba-4417-4a21-895d-0902bf4f9343','trying',635,'2019-10-20 23:20:59'),('91809d97-9945-4903-8ed0-731b8907cd81','5464a7ba-4417-4a21-895d-0902bf4f9343','trying',635,'2019-10-20 23:53:59'),('94ec729c-2431-4cc3-a2b3-cc958191f329','5464a7ba-4417-4a21-895d-0902bf4f9343','trying2',492830720,'2019-10-21 00:53:51'),('959591ee-49be-4ed9-b0f2-727f05135bb9','5464a7ba-4417-4a21-895d-0902bf4f9343','bot_env.sh',635,'2019-10-21 02:15:51'),('985610b7-61f2-4809-b173-2fdc5b47f396','5464a7ba-4417-4a21-895d-0902bf4f9343','bot_env.sh',635,'2019-10-16 01:38:49'),('99673031-f34f-48a2-b23d-cc047f16d11d','5464a7ba-4417-4a21-895d-0902bf4f9343','OVMF-pure-efi.fd',2097152,'2019-10-21 02:14:15'),('9a6173fe-1583-4990-a2dc-250bcc8ec10f','5464a7ba-4417-4a21-895d-0902bf4f9343','trying2',492830720,'2019-10-21 20:31:49'),('9de0c43d-dfb7-4565-b67f-e770ccfd8573','5464a7ba-4417-4a21-895d-0902bf4f9343','trying2',492830720,'2019-10-21 18:57:51'),('9fe9e3e4-fec6-4475-8d0e-9113cba2ed37','5464a7ba-4417-4a21-895d-0902bf4f9343','trying',635,'2019-10-20 23:34:19'),('a1b4b765-3d82-4c5b-a26c-f774dac04969','5464a7ba-4417-4a21-895d-0902bf4f9343','1',492830720,'2019-10-16 20:48:22'),('a351f1f4-d171-4394-b661-a6218ee72938','5464a7ba-4417-4a21-895d-0902bf4f9343','Thumb.png',2160069,'2019-10-15 17:02:54'),('a3eab64e-7fcc-4c57-b8f3-9b8986360748','5464a7ba-4417-4a21-895d-0902bf4f9343','trying',635,'2019-10-20 23:41:18'),('a47d2d3f-d2d1-49a1-8d27-2db0a3ad0b7f','5464a7ba-4417-4a21-895d-0902bf4f9343','trying2',492830720,'2019-10-21 00:57:16'),('a530f3ef-6ddd-43cf-a56f-e7073e2c0138','5464a7ba-4417-4a21-895d-0902bf4f9343','OVMF-pure-efi.fd',2097152,'2019-10-21 01:54:47'),('a85296dd-ee3f-4f8c-bdca-3ac98844d8a1','5464a7ba-4417-4a21-895d-0902bf4f9343','trying',635,'2019-10-21 01:33:37'),('a889d19e-dcb6-47e9-bad5-a2a698c91f09','900107fd-8205-4288-af9d-41d8a0596748','jfxwebkit.dll',41502784,'2019-10-21 23:14:20'),('a88bd0e7-d9f9-4dd9-a6d5-e02e5b76b12a','5464a7ba-4417-4a21-895d-0902bf4f9343','trying',635,'2019-10-20 23:38:47'),('aaa38f7d-5e35-4cf0-812c-7fa67cfcc9f0','5464a7ba-4417-4a21-895d-0902bf4f9343','  Linux.docx',1171418,'2019-10-21 02:26:31'),('aab0cfe1-6983-4061-8ee4-4db08f8162c3','5464a7ba-4417-4a21-895d-0902bf4f9343','trying',635,'2019-10-21 01:35:19'),('ac28422e-3dae-4193-a8b4-328eea69d50a','5464a7ba-4417-4a21-895d-0902bf4f9343','trying2',492830720,'2019-10-21 02:43:31'),('ac29c3bc-73ee-441e-81e3-38e3ac61395f','5464a7ba-4417-4a21-895d-0902bf4f9343','Thumb.png',2160069,'2019-10-15 17:03:33'),('ac368b09-6f1e-4262-955f-2e4a393b8daa','5464a7ba-4417-4a21-895d-0902bf4f9343','AGALEGA-Regular.otf',42460,'2019-10-21 19:26:21'),('b793fd18-c9c8-4f10-b4ee-26c22c2ea40c','5464a7ba-4417-4a21-895d-0902bf4f9343','trying2',492830720,'2019-10-21 18:57:32'),('b86542a8-14d4-43d7-9965-4de02e28dd80','5464a7ba-4417-4a21-895d-0902bf4f9343','1',492830720,'2019-10-16 10:18:23'),('b8b7b14e-126e-4b74-acb8-e8b8bfdbfa82','5464a7ba-4417-4a21-895d-0902bf4f9343','Thumb.png',2160069,'2019-10-15 17:02:26'),('b9f5ffe4-7d95-4af6-b1df-d87a05f15164','5464a7ba-4417-4a21-895d-0902bf4f9343','trying',635,'2019-10-20 23:07:50'),('c159bf4f-47ff-41d8-9bc4-1a76f6fc1c9e','5464a7ba-4417-4a21-895d-0902bf4f9343','trying2',492830720,'2019-10-21 01:03:57'),('c21216bc-39f2-4827-b36e-1a96ef69a36a','5464a7ba-4417-4a21-895d-0902bf4f9343','trying2',492830720,'2019-10-21 02:41:24'),('c4c2a654-b0b2-49bc-87ea-2729704c1b7e','5464a7ba-4417-4a21-895d-0902bf4f9343','OVMF-pure-efi.fd',2097152,'2019-10-21 01:53:59'),('c4e2b733-f5f1-4f13-8a4e-11e39f41c556','5464a7ba-4417-4a21-895d-0902bf4f9343','1',492830720,'2019-10-16 20:50:54'),('c6ed4684-2557-4492-bcee-d92438ee9d4a','5464a7ba-4417-4a21-895d-0902bf4f9343','trying',635,'2019-10-21 01:37:42'),('c72d1bfa-bdb9-4d72-9b1a-4c892268caf5','5464a7ba-4417-4a21-895d-0902bf4f9343','trying2',492830720,'2019-10-21 00:30:37'),('cba1c7bc-35c6-4a81-8a55-7469d1e2cfbe','5464a7ba-4417-4a21-895d-0902bf4f9343','trying',635,'2019-10-20 23:41:51'),('ce107305-265e-42da-a8b3-3dd2cf4fb1e4','5464a7ba-4417-4a21-895d-0902bf4f9343','OVMF-pure-efi.fd',2097152,'2019-10-21 02:03:59'),('cfb60452-1f03-48e8-a9e3-2c3cbdd1ab00','5464a7ba-4417-4a21-895d-0902bf4f9343','trying2',492830720,'2019-10-21 02:42:31'),('d0d442a9-ebe8-4c31-846d-ebf2e654088b','5464a7ba-4417-4a21-895d-0902bf4f9343','trying',635,'2019-10-21 13:16:36'),('d15d8147-1ab5-47db-abd2-9bf3336f70ab','5464a7ba-4417-4a21-895d-0902bf4f9343','trying',635,'2019-10-20 23:31:57'),('d68c1f98-2505-4ee5-a575-510c19274474','5464a7ba-4417-4a21-895d-0902bf4f9343','trying2',492830720,'2019-10-21 00:08:27'),('d9a48bbc-ebf0-403e-872f-781102aee1e6','5464a7ba-4417-4a21-895d-0902bf4f9343','bot_env.sh',635,'2019-10-21 12:46:07'),('da5385a6-f474-4087-b1c3-33f833176cbe','5464a7ba-4417-4a21-895d-0902bf4f9343','trying',635,'2019-10-21 01:42:01'),('dfb32af2-5955-4790-b894-9ee9daa1ae80','5464a7ba-4417-4a21-895d-0902bf4f9343','Untitled.sql',388,'2019-10-21 02:24:49'),('e295fc5f-8783-40f2-8f9a-118f52d0b7c8','5464a7ba-4417-4a21-895d-0902bf4f9343','trying',635,'2019-10-21 00:00:51'),('e55b5961-7d72-4b9d-9c90-7cd9b0d45fc5','5464a7ba-4417-4a21-895d-0902bf4f9343','trying2',492830720,'2019-10-21 02:53:05'),('e5b1801f-5ab0-48b4-8d18-0e87b4f44214','5464a7ba-4417-4a21-895d-0902bf4f9343','trying2',492830720,'2019-10-21 02:32:31'),('e668b0db-91e5-4703-8b18-e8068c1d203b','5464a7ba-4417-4a21-895d-0902bf4f9343','trying2',492830720,'2019-10-21 00:06:24'),('e67ef609-3d30-4f84-97f2-b61e5a1287fb','5464a7ba-4417-4a21-895d-0902bf4f9343','trying2',492830720,'2019-10-21 21:07:09'),('e6a2ba1f-6e23-43cd-9d9e-2fed02c9a328','5464a7ba-4417-4a21-895d-0902bf4f9343','bot_env.sh',635,'2019-10-16 00:00:16'),('e8efd686-8b1c-433b-89d6-6745dbc57954','5464a7ba-4417-4a21-895d-0902bf4f9343','Linux Project - Almog Hamdani.zip',846487,'2019-10-21 12:32:29'),('eaa2cbb1-4302-4ef8-90d5-9a52de53d597','5464a7ba-4417-4a21-895d-0902bf4f9343','trying',635,'2019-10-20 23:22:04'),('eb5b4d5a-e0a6-4d4d-bbdb-fe2cd8222c8b','5464a7ba-4417-4a21-895d-0902bf4f9343','trying2',492830720,'2019-10-21 00:05:12'),('ebf8c6f7-0c2a-480a-9f08-b9e434ae9757','5464a7ba-4417-4a21-895d-0902bf4f9343','trying',635,'2019-10-20 23:13:13'),('ed0a2af6-f20a-40ae-a733-e37a7dd55a54','5464a7ba-4417-4a21-895d-0902bf4f9343','1',492830720,'2019-10-16 20:49:25'),('ed5a1948-3f74-4f8c-9f9e-e05c459c9d26','5464a7ba-4417-4a21-895d-0902bf4f9343','trying',635,'2019-10-20 23:57:26'),('f01640fd-a73c-4e19-ad6f-fa3ea012bd1d','5464a7ba-4417-4a21-895d-0902bf4f9343','Untitled.sql',388,'2019-10-21 02:22:55'),('f0190d95-8fe5-446b-9a1c-cbcd64b30211','5464a7ba-4417-4a21-895d-0902bf4f9343','trying',635,'2019-10-20 23:26:42'),('f0c574a7-f7a8-4aec-9fa1-2242460139cb','5464a7ba-4417-4a21-895d-0902bf4f9343','trying',635,'2019-10-20 23:43:50'),('f2734bd4-0fd1-4183-b366-9e3172fbd039','5464a7ba-4417-4a21-895d-0902bf4f9343','trying',635,'2019-10-20 23:30:44'),('f69f561a-d46f-43ce-841d-7095d330619f','5464a7ba-4417-4a21-895d-0902bf4f9343','1',492830720,'2019-10-15 18:10:26'),('f71abe6f-7947-4b83-b8e3-556603ab657f','5464a7ba-4417-4a21-895d-0902bf4f9343','trying',635,'2019-10-20 23:15:54'),('f72180a6-7166-4501-b2ec-5254e248d67b','5464a7ba-4417-4a21-895d-0902bf4f9343','Thumb.png',2160069,'2019-10-15 16:55:18'),('f9f316da-5d7e-4481-be3f-04a161cdb17a','5464a7ba-4417-4a21-895d-0902bf4f9343','trying2',492830720,'2019-10-21 20:29:44'),('fb2d6aff-c6d5-4003-aad9-f693702580f7','5464a7ba-4417-4a21-895d-0902bf4f9343','trying2',492830720,'2019-10-21 12:38:39'),('fcf98aaf-a7f4-4518-a7bc-6002f44d4811','5464a7ba-4417-4a21-895d-0902bf4f9343','trying',635,'2019-10-21 02:53:15'),('ffea9a9f-8e80-4502-a6d3-c814e96dea7e','5464a7ba-4417-4a21-895d-0902bf4f9343','bot_env.sh',635,'2019-10-21 12:31:56'),('fff631ae-cb18-4d61-a065-7e0e7ea756e4','5464a7ba-4417-4a21-895d-0902bf4f9343','trying',635,'2019-10-20 23:05:12');
/*!40000 ALTER TABLE `files` ENABLE KEYS */;
UNLOCK TABLES;

--
-- Table structure for table `friendships`
--

DROP TABLE IF EXISTS `friendships`;
/*!40101 SET @saved_cs_client     = @@character_set_client */;
 SET character_set_client = utf8mb4 ;
CREATE TABLE `friendships` (
  `requester_id` varchar(36) NOT NULL,
  `recipient_id` varchar(36) NOT NULL,
  `approved` tinyint(4) NOT NULL DEFAULT '0',
  `sent_at` timestamp NOT NULL DEFAULT CURRENT_TIMESTAMP,
  PRIMARY KEY (`requester_id`,`recipient_id`),
  KEY `fk_receipt_id_idx` (`recipient_id`),
  CONSTRAINT `friendships_recipient_id_fk` FOREIGN KEY (`recipient_id`) REFERENCES `users` (`id`) ON DELETE CASCADE,
  CONSTRAINT `friendships_requester_id_fk` FOREIGN KEY (`requester_id`) REFERENCES `users` (`id`) ON DELETE CASCADE
) ENGINE=InnoDB DEFAULT CHARSET=utf8mb4 COLLATE=utf8mb4_0900_ai_ci;
/*!40101 SET character_set_client = @saved_cs_client */;

--
-- Dumping data for table `friendships`
--

LOCK TABLES `friendships` WRITE;
/*!40000 ALTER TABLE `friendships` DISABLE KEYS */;
INSERT INTO `friendships` VALUES ('5464a7ba-4417-4a21-895d-0902bf4f9343','900107fd-8205-4288-af9d-41d8a0596748',1,'2019-10-21 12:25:31'),('bb26a902-3936-4113-bd9f-3262952817ef','5464a7ba-4417-4a21-895d-0902bf4f9343',1,'2019-10-21 18:44:46');
/*!40000 ALTER TABLE `friendships` ENABLE KEYS */;
UNLOCK TABLES;

--
-- Table structure for table `messages`
--

DROP TABLE IF EXISTS `messages`;
/*!40101 SET @saved_cs_client     = @@character_set_client */;
 SET character_set_client = utf8mb4 ;
CREATE TABLE `messages` (
  `id` varchar(36) NOT NULL,
  `sender_id` varchar(36) NOT NULL,
  `channel_id` varchar(36) NOT NULL,
  `content` text NOT NULL,
  `attachment_id` varchar(36) DEFAULT NULL,
  `sent_at` timestamp NOT NULL DEFAULT CURRENT_TIMESTAMP,
  PRIMARY KEY (`id`),
  UNIQUE KEY `id_UNIQUE` (`id`),
  KEY `sender_id_fk_idx` (`sender_id`),
  KEY `channel_id_fk_idx` (`channel_id`),
  KEY `messages_attachment_fk_idx` (`attachment_id`),
  CONSTRAINT `messages_attachment_id_fk` FOREIGN KEY (`attachment_id`) REFERENCES `files` (`id`) ON DELETE SET NULL,
  CONSTRAINT `messages_channel_id_fk` FOREIGN KEY (`channel_id`) REFERENCES `channels` (`id`) ON DELETE CASCADE ON UPDATE RESTRICT,
  CONSTRAINT `messages_sender_id_fk` FOREIGN KEY (`sender_id`) REFERENCES `users` (`id`) ON DELETE CASCADE ON UPDATE RESTRICT
) ENGINE=InnoDB DEFAULT CHARSET=utf8mb4 COLLATE=utf8mb4_0900_ai_ci;
/*!40101 SET character_set_client = @saved_cs_client */;

--
-- Dumping data for table `messages`
--

LOCK TABLES `messages` WRITE;
/*!40000 ALTER TABLE `messages` DISABLE KEYS */;
INSERT INTO `messages` VALUES ('01766e65-2107-4634-ac51-973da5170873','5464a7ba-4417-4a21-895d-0902bf4f9343','de41c5ba-b4a7-4d9b-8143-c4048d3f1931','asdasd',NULL,'2019-10-14 23:19:46'),('01e362ae-44aa-4220-965d-e4205745832b','5464a7ba-4417-4a21-895d-0902bf4f9343','de41c5ba-b4a7-4d9b-8143-c4048d3f1931','sgs',NULL,'2019-10-20 09:12:10'),('03648097-022e-443e-85a9-29708e458477','bb26a902-3936-4113-bd9f-3262952817ef','de41c5ba-b4a7-4d9b-8143-c4048d3f1931','sd',NULL,'2019-10-19 16:26:11'),('056e49fa-da66-4167-a351-28066281e809','bb26a902-3936-4113-bd9f-3262952817ef','de41c5ba-b4a7-4d9b-8143-c4048d3f1931','23456',NULL,'2019-10-19 16:40:57'),('05a88abc-6f5f-409c-a582-1df619333553','5464a7ba-4417-4a21-895d-0902bf4f9343','de41c5ba-b4a7-4d9b-8143-c4048d3f1931','a',NULL,'2019-08-22 20:42:30'),('067554ee-814c-4eb1-af0d-93e85b99ba08','5464a7ba-4417-4a21-895d-0902bf4f9343','2e98d4b8-8cf0-4726-a2d5-285bf3b3adfc','?',NULL,'2019-08-28 00:58:07'),('0aa1a9bb-c80f-4a9c-9c1a-a633305735fd','5464a7ba-4417-4a21-895d-0902bf4f9343','d13f2902-0581-4b6f-8a25-a8e2e0ed201f','s',NULL,'2019-07-06 14:36:31'),('0b05708b-fd55-4b45-9ad0-f14e3bce61c5','bb26a902-3936-4113-bd9f-3262952817ef','de41c5ba-b4a7-4d9b-8143-c4048d3f1931','sgsg',NULL,'2019-09-05 15:22:49'),('0b289ce0-f671-4ff8-b520-0b6177a951c5','5464a7ba-4417-4a21-895d-0902bf4f9343','2e98d4b8-8cf0-4726-a2d5-285bf3b3adfc','?',NULL,'2019-08-28 01:29:12'),('0ed83cbd-2319-4bfd-8890-6d6cf349947b','5464a7ba-4417-4a21-895d-0902bf4f9343','d751dab2-456c-4cd8-838e-fc9b4fd22f31','dsfsdfsdfkcvxjvlkjcvgvjkl\nlkjdjflksdf\nsldkjflksdjfkld',NULL,'2019-10-21 12:42:55'),('0f3bc2f3-458b-4b14-83d3-d4a8e2707c54','5464a7ba-4417-4a21-895d-0902bf4f9343','d751dab2-456c-4cd8-838e-fc9b4fd22f31','fg',NULL,'2019-10-18 23:28:47'),('0f4a2579-a622-4f5a-95e5-81e12ed8f1d8','5464a7ba-4417-4a21-895d-0902bf4f9343','2e98d4b8-8cf0-4726-a2d5-285bf3b3adfc','?',NULL,'2019-08-28 01:21:52'),('0f78a4f3-dd0d-424b-8c3e-169c1dc12927','5464a7ba-4417-4a21-895d-0902bf4f9343','d13f2902-0581-4b6f-8a25-a8e2e0ed201f','sd',NULL,'2019-10-16 21:16:10'),('0f902849-e819-4332-9010-28d8af701a3f','5464a7ba-4417-4a21-895d-0902bf4f9343','c2813fcd-1f42-448c-84a3-733aed3ef800','sd',NULL,'2019-10-20 08:47:10'),('11f2e7b6-6b1e-4fcb-8f30-a5e0b4cebc06','5464a7ba-4417-4a21-895d-0902bf4f9343','de41c5ba-b4a7-4d9b-8143-c4048d3f1931',';klfgh',NULL,'2019-10-20 09:12:08'),('12dce487-e17b-4b18-a312-af08bc074eeb','5464a7ba-4417-4a21-895d-0902bf4f9343','de41c5ba-b4a7-4d9b-8143-c4048d3f1931','ad',NULL,'2019-08-28 12:17:45'),('13cbc29f-6f42-4498-a1bd-e0542f23e59e','5464a7ba-4417-4a21-895d-0902bf4f9343','de41c5ba-b4a7-4d9b-8143-c4048d3f1931','ghjghjghj',NULL,'2019-10-20 09:12:27'),('1763269c-17ed-4843-8805-4a34e360b6ba','7d612d87-e2e9-4734-b6b2-b410b47d7995','f1e5304d-cadf-4858-bb80-5971e2f0104e','OMRIRIRIRIR\n',NULL,'2019-07-06 20:37:44'),('1851e0cd-77eb-409e-95d2-242aef56398f','bb26a902-3936-4113-bd9f-3262952817ef','de41c5ba-b4a7-4d9b-8143-c4048d3f1931','fgddfg',NULL,'2019-10-19 16:39:04'),('1872aa93-48c0-43b6-899e-71f9df293366','5464a7ba-4417-4a21-895d-0902bf4f9343','2e98d4b8-8cf0-4726-a2d5-285bf3b3adfc','?',NULL,'2019-08-28 00:57:49'),('18ce4257-1406-4631-9748-0443f35e3140','5464a7ba-4417-4a21-895d-0902bf4f9343','d13f2902-0581-4b6f-8a25-a8e2e0ed201f','sdf',NULL,'2019-07-06 14:36:38'),('19017297-a9ab-430c-9e87-46b6774cd7e6','5464a7ba-4417-4a21-895d-0902bf4f9343','c2813fcd-1f42-448c-84a3-733aed3ef800','sdf',NULL,'2019-10-20 08:47:08'),('1983105f-8262-4d86-934a-d43f1fd6b547','5464a7ba-4417-4a21-895d-0902bf4f9343','2e98d4b8-8cf0-4726-a2d5-285bf3b3adfc','?',NULL,'2019-08-28 00:57:11'),('199f263c-01cd-4af5-abe2-139a746bdad9','bb26a902-3936-4113-bd9f-3262952817ef','de41c5ba-b4a7-4d9b-8143-c4048d3f1931','sdgsdgsdgssdgs',NULL,'2019-09-05 15:22:50'),('1ab639a4-8472-40a6-b665-3ba4ebc76510','5464a7ba-4417-4a21-895d-0902bf4f9343','2e98d4b8-8cf0-4726-a2d5-285bf3b3adfc','?',NULL,'2019-08-28 00:57:45'),('1b42c660-a796-432e-954f-eaa7ab1f49e7','bb26a902-3936-4113-bd9f-3262952817ef','de41c5ba-b4a7-4d9b-8143-c4048d3f1931','2345',NULL,'2019-10-19 16:40:57'),('1b4d9d4f-76a5-433f-99fb-ba52d01dfdb8','5464a7ba-4417-4a21-895d-0902bf4f9343','c2813fcd-1f42-448c-84a3-733aed3ef800','sd',NULL,'2019-10-20 08:47:11'),('1c979f57-5476-455b-b204-6d3a42fcaad9','5464a7ba-4417-4a21-895d-0902bf4f9343','c2813fcd-1f42-448c-84a3-733aed3ef800','sdf',NULL,'2019-10-20 08:47:08'),('1dad1d72-e06e-425b-9422-f3f384187aae','5464a7ba-4417-4a21-895d-0902bf4f9343','d751dab2-456c-4cd8-838e-fc9b4fd22f31','g',NULL,'2019-10-13 22:00:19'),('1dfb183b-d0a0-473e-8d59-8c8c252a5c9d','bb26a902-3936-4113-bd9f-3262952817ef','de41c5ba-b4a7-4d9b-8143-c4048d3f1931','sdgsdgsdgssdgsdgsdgsdgsd',NULL,'2019-09-05 15:22:51'),('1e79d93d-4b28-4327-aa1a-e7c16c094660','5464a7ba-4417-4a21-895d-0902bf4f9343','de41c5ba-b4a7-4d9b-8143-c4048d3f1931','ghjghjghj',NULL,'2019-10-20 09:12:22'),('1fa7e08d-2c61-45bd-9e68-9435fe9ae376','5464a7ba-4417-4a21-895d-0902bf4f9343','d751dab2-456c-4cd8-838e-fc9b4fd22f31','j','0af4c537-c50c-4b50-b194-4ff1a61a3bd0','2019-10-21 23:09:38'),('1fbe8ebf-6bca-4b54-8e56-987e917ccab8','bb26a902-3936-4113-bd9f-3262952817ef','de41c5ba-b4a7-4d9b-8143-c4048d3f1931','2',NULL,'2019-10-19 16:39:14'),('1ffeface-3655-4434-8083-6489eba1c776','5464a7ba-4417-4a21-895d-0902bf4f9343','d751dab2-456c-4cd8-838e-fc9b4fd22f31','gd',NULL,'2019-10-13 22:00:20'),('2110b6c4-2303-4366-9a5b-1550a51674c9','bb26a902-3936-4113-bd9f-3262952817ef','de41c5ba-b4a7-4d9b-8143-c4048d3f1931','MAC FUCKING OS',NULL,'2019-08-21 00:14:50'),('234bed41-48e4-4754-b7e5-5921fd4eca5d','bb26a902-3936-4113-bd9f-3262952817ef','de41c5ba-b4a7-4d9b-8143-c4048d3f1931','sdgsdgsdgssdgsdgs',NULL,'2019-09-05 15:22:50'),('24752987-82d7-49bb-a62f-f902bac474ef','5464a7ba-4417-4a21-895d-0902bf4f9343','d751dab2-456c-4cd8-838e-fc9b4fd22f31','gh',NULL,'2019-10-18 23:28:47'),('25128d25-6627-4ad9-a7e2-ab64da95efd7','5464a7ba-4417-4a21-895d-0902bf4f9343','d13f2902-0581-4b6f-8a25-a8e2e0ed201f','fgdfg',NULL,'2019-08-28 12:03:18'),('27855b64-bfd8-4b91-8e58-bacbfd45465c','5464a7ba-4417-4a21-895d-0902bf4f9343','2e98d4b8-8cf0-4726-a2d5-285bf3b3adfc','?',NULL,'2019-08-28 00:57:51'),('27f1804a-e4fd-4de4-b93d-30dd04feb8d9','5464a7ba-4417-4a21-895d-0902bf4f9343','d13f2902-0581-4b6f-8a25-a8e2e0ed201f','ddg',NULL,'2019-08-28 12:17:36'),('28067ec3-f5b6-4faf-a4c1-fc0031f1304b','bb26a902-3936-4113-bd9f-3262952817ef','de41c5ba-b4a7-4d9b-8143-c4048d3f1931','asdasd',NULL,'2019-10-19 16:39:10'),('28b7ddbc-aaec-4b69-ae63-8c43e9d60f7b','5464a7ba-4417-4a21-895d-0902bf4f9343','d13f2902-0581-4b6f-8a25-a8e2e0ed201f','fsadfsdf',NULL,'2019-09-05 13:47:34'),('29940c5d-07d2-4997-8144-3b8e9b3732d8','5464a7ba-4417-4a21-895d-0902bf4f9343','d751dab2-456c-4cd8-838e-fc9b4fd22f31','df',NULL,'2019-10-13 22:00:20'),('29de37ae-2980-43c7-add3-db80d5db8a6a','5464a7ba-4417-4a21-895d-0902bf4f9343','de41c5ba-b4a7-4d9b-8143-c4048d3f1931','dsadsa',NULL,'2019-09-05 14:49:06'),('29df2ae6-a3e9-4e0a-b5c0-1a23d4db8b99','5464a7ba-4417-4a21-895d-0902bf4f9343','e9a584c5-eb80-4138-87dd-7f019203d401','dhfjksdhkjfhskdjhfksjdhfkjsdhfkjshfkjshdkjfsdl;kfjswdlkjfjlskdjflksdjflksdjflksdjflksdjslkjflksdjflksdjfkljsdlkflskdjflksdjflksdflksdjflksdjflksdjflksdjflksdjflksdjflksjflksjdlkfsdklfjsdlkfjsldkfjsdlkfjlsdkjflskdjflksdjflksdjfsldkfj',NULL,'2019-10-20 08:56:08'),('29e65900-ff7b-4594-9c56-1ef9f4bedc46','5464a7ba-4417-4a21-895d-0902bf4f9343','c2813fcd-1f42-448c-84a3-733aed3ef800','sdf',NULL,'2019-10-20 08:47:10'),('2b42f499-4fef-4a6f-bf87-de634424e627','bb26a902-3936-4113-bd9f-3262952817ef','de41c5ba-b4a7-4d9b-8143-c4048d3f1931','Sima',NULL,'2019-08-21 00:14:39'),('2bd0ccc2-6792-45d4-92c5-1b560f154a89','bb26a902-3936-4113-bd9f-3262952817ef','de41c5ba-b4a7-4d9b-8143-c4048d3f1931','Alay',NULL,'2019-08-21 00:14:42'),('2cf81fa8-6594-4754-9b76-dc9b5b70e8d9','5464a7ba-4417-4a21-895d-0902bf4f9343','de41c5ba-b4a7-4d9b-8143-c4048d3f1931','sdgsdg',NULL,'2019-10-20 09:12:13'),('2d231561-187e-4ffb-9bba-4059be55afd2','5464a7ba-4417-4a21-895d-0902bf4f9343','d751dab2-456c-4cd8-838e-fc9b4fd22f31','fg',NULL,'2019-10-13 22:00:16'),('2d62ba18-3947-48b6-b431-9867f5ad3ccb','bb26a902-3936-4113-bd9f-3262952817ef','de41c5ba-b4a7-4d9b-8143-c4048d3f1931','fsdfsdf',NULL,'2019-09-05 15:22:55'),('2e399deb-303a-4ef7-b353-c59b56a98f11','5464a7ba-4417-4a21-895d-0902bf4f9343','de41c5ba-b4a7-4d9b-8143-c4048d3f1931','jhgjh',NULL,'2019-10-20 08:17:04'),('2f40d906-2c8a-4bd9-ba23-b57ca62e7922','5464a7ba-4417-4a21-895d-0902bf4f9343','e9a584c5-eb80-4138-87dd-7f019203d401','gfhfghfgh',NULL,'2019-10-20 09:10:30'),('2f68abcf-71d3-4f5f-ae9c-dd457ec86cd4','5464a7ba-4417-4a21-895d-0902bf4f9343','d13f2902-0581-4b6f-8a25-a8e2e0ed201f','fsd',NULL,'2019-07-06 14:36:37'),('2fb948a6-89cf-43e0-8782-afd184aa8a60','bb26a902-3936-4113-bd9f-3262952817ef','de41c5ba-b4a7-4d9b-8143-c4048d3f1931','dsgfsdg',NULL,'2019-10-19 16:14:52'),('2fcec484-cb5b-431d-946f-23a4e11f29e7','bb26a902-3936-4113-bd9f-3262952817ef','de41c5ba-b4a7-4d9b-8143-c4048d3f1931','dfsdfgsdg',NULL,'2019-09-05 15:22:47'),('310218f6-c2a6-43c4-96f3-01cb6465ef55','5464a7ba-4417-4a21-895d-0902bf4f9343','2e98d4b8-8cf0-4726-a2d5-285bf3b3adfc','?',NULL,'2019-08-28 00:54:30'),('31ea7c35-e963-4d97-b4e4-b668bc4f24ae','5464a7ba-4417-4a21-895d-0902bf4f9343','de41c5ba-b4a7-4d9b-8143-c4048d3f1931','asfasf',NULL,'2019-09-05 14:42:12'),('31f15a1c-a584-4be8-bfe6-6e5a72e89768','5464a7ba-4417-4a21-895d-0902bf4f9343','de41c5ba-b4a7-4d9b-8143-c4048d3f1931','dsadsadasd',NULL,'2019-09-05 14:49:07'),('322c6223-a869-44cc-a73d-5f0166a2d965','bb26a902-3936-4113-bd9f-3262952817ef','de41c5ba-b4a7-4d9b-8143-c4048d3f1931','s',NULL,'2019-10-19 16:26:49'),('330866e1-016a-43a9-8311-7fa45f357117','5464a7ba-4417-4a21-895d-0902bf4f9343','de41c5ba-b4a7-4d9b-8143-c4048d3f1931','dsadsadasdasd',NULL,'2019-09-05 14:49:07'),('33a3d486-618e-43cc-811a-c099779f45bc','5464a7ba-4417-4a21-895d-0902bf4f9343','c2813fcd-1f42-448c-84a3-733aed3ef800','f',NULL,'2019-10-20 08:47:09'),('343a3118-c676-44aa-9540-0dbafa03a925','7d612d87-e2e9-4734-b6b2-b410b47d7995','f1e5304d-cadf-4858-bb80-5971e2f0104e','s',NULL,'2019-07-06 20:37:41'),('3501e79f-62a1-4450-9343-36885bba4542','bb26a902-3936-4113-bd9f-3262952817ef','de41c5ba-b4a7-4d9b-8143-c4048d3f1931','asfasf',NULL,'2019-09-07 11:58:54'),('357740d8-d10f-44aa-890b-f65de1bcdd90','bb26a902-3936-4113-bd9f-3262952817ef','de41c5ba-b4a7-4d9b-8143-c4048d3f1931','sdgsdgsdgs',NULL,'2019-09-05 15:22:50'),('36702b71-ab87-4cc1-a853-5d3e9e11343e','5464a7ba-4417-4a21-895d-0902bf4f9343','d13f2902-0581-4b6f-8a25-a8e2e0ed201f','dfdf',NULL,'2019-08-28 12:03:19'),('38ceebda-a010-414e-bed0-482efbbebc0f','5464a7ba-4417-4a21-895d-0902bf4f9343','d13f2902-0581-4b6f-8a25-a8e2e0ed201f','sdfsdf',NULL,'2019-10-16 21:16:09'),('3c639735-ff66-46de-9b4f-91d47652cb6a','5464a7ba-4417-4a21-895d-0902bf4f9343','e9a584c5-eb80-4138-87dd-7f019203d401','dfgdfg',NULL,'2019-10-20 09:10:56'),('3d0e17e1-5bd6-4d13-b568-d6adade6a747','5464a7ba-4417-4a21-895d-0902bf4f9343','d13f2902-0581-4b6f-8a25-a8e2e0ed201f','sdfsdfsdf',NULL,'2019-10-16 21:16:10'),('3d3b8b25-694a-48af-b212-6f48305d94d0','5464a7ba-4417-4a21-895d-0902bf4f9343','d751dab2-456c-4cd8-838e-fc9b4fd22f31','g',NULL,'2019-10-13 22:00:17'),('3d80cd9e-0688-4ea3-826b-3b4ea5beaf03','7d612d87-e2e9-4734-b6b2-b410b47d7995','f1e5304d-cadf-4858-bb80-5971e2f0104e','s',NULL,'2019-07-06 20:37:40'),('3dd32958-a7eb-406e-9550-c557f08437e2','5464a7ba-4417-4a21-895d-0902bf4f9343','de41c5ba-b4a7-4d9b-8143-c4048d3f1931','ghfg',NULL,'2019-10-20 09:12:08'),('3f1cd574-e1f6-4ffe-91b8-4359790bbad1','5464a7ba-4417-4a21-895d-0902bf4f9343','de41c5ba-b4a7-4d9b-8143-c4048d3f1931','Hello',NULL,'2019-10-20 08:14:51'),('3f7a96a5-5062-4fc0-b413-cc4c32e7cf4c','5464a7ba-4417-4a21-895d-0902bf4f9343','c2813fcd-1f42-448c-84a3-733aed3ef800','sdf',NULL,'2019-10-20 08:47:11'),('3f915f7c-6d4c-4e89-b276-addf96f6f0e0','5464a7ba-4417-4a21-895d-0902bf4f9343','d13f2902-0581-4b6f-8a25-a8e2e0ed201f','Hello',NULL,'2019-10-20 20:34:04'),('400860a2-adf8-4657-b4bb-7b5c188e8369','5464a7ba-4417-4a21-895d-0902bf4f9343','d751dab2-456c-4cd8-838e-fc9b4fd22f31','gh',NULL,'2019-10-18 23:28:45'),('405d9bc0-3285-4a24-9a59-5278bf54f2f8','5464a7ba-4417-4a21-895d-0902bf4f9343','d751dab2-456c-4cd8-838e-fc9b4fd22f31','dfg',NULL,'2019-10-13 22:00:17'),('40878c4d-d035-47bf-b902-fa703c5bebb7','bb26a902-3936-4113-bd9f-3262952817ef','de41c5ba-b4a7-4d9b-8143-c4048d3f1931','asd',NULL,'2019-10-19 16:39:10'),('428b1e9c-86a2-4a7b-9d5e-e102a5cdeba1','5464a7ba-4417-4a21-895d-0902bf4f9343','c2813fcd-1f42-448c-84a3-733aed3ef800','f',NULL,'2019-10-20 08:47:10'),('42cbe1d3-99f9-4c48-9a4d-16a7a407d1c3','5464a7ba-4417-4a21-895d-0902bf4f9343','d13f2902-0581-4b6f-8a25-a8e2e0ed201f','sdf',NULL,'2019-08-22 20:42:28'),('43081f9a-ed03-4c62-8f33-37061306f66a','5464a7ba-4417-4a21-895d-0902bf4f9343','e9a584c5-eb80-4138-87dd-7f019203d401','.',NULL,'2019-10-21 01:42:27'),('43797fbe-9fbc-4fbf-9098-00921bda756f','5464a7ba-4417-4a21-895d-0902bf4f9343','de41c5ba-b4a7-4d9b-8143-c4048d3f1931','gh',NULL,'2019-10-20 09:12:08'),('44fe7f87-fa2e-433e-a545-6915ee15fa7f','7d612d87-e2e9-4734-b6b2-b410b47d7995','f1e5304d-cadf-4858-bb80-5971e2f0104e','s',NULL,'2019-07-06 20:37:36'),('45ff55c1-4354-4672-87f5-1230e2471ee8','5464a7ba-4417-4a21-895d-0902bf4f9343','c2813fcd-1f42-448c-84a3-733aed3ef800','sdgsdg',NULL,'2019-10-21 01:14:41'),('4655d9e4-d84a-4ab8-8de8-8d9cbe0e7a8a','5464a7ba-4417-4a21-895d-0902bf4f9343','d751dab2-456c-4cd8-838e-fc9b4fd22f31','df',NULL,'2019-10-13 22:00:19'),('46ed0739-687b-454b-96a1-532b5a252d1e','5464a7ba-4417-4a21-895d-0902bf4f9343','d13f2902-0581-4b6f-8a25-a8e2e0ed201f','s',NULL,'2019-07-06 14:36:35'),('48153a0d-b7db-40ee-9162-7a891cc4afba','5464a7ba-4417-4a21-895d-0902bf4f9343','d13f2902-0581-4b6f-8a25-a8e2e0ed201f','My nigga',NULL,'2019-10-20 11:55:18'),('48b0dd5c-a5b3-47ea-9895-38c49dd68cfd','5464a7ba-4417-4a21-895d-0902bf4f9343','d13f2902-0581-4b6f-8a25-a8e2e0ed201f','sdf',NULL,'2019-07-06 14:36:38'),('48c77d9c-f971-479d-9462-43b3d47997c0','5464a7ba-4417-4a21-895d-0902bf4f9343','c2813fcd-1f42-448c-84a3-733aed3ef800','dgfhdh',NULL,'2019-10-21 02:55:24'),('4aac5b8e-bb1e-4129-b06d-b516660c99eb','5464a7ba-4417-4a21-895d-0902bf4f9343','d13f2902-0581-4b6f-8a25-a8e2e0ed201f','sdfsdf',NULL,'2019-10-16 21:16:14'),('4d78d74f-d02c-49f1-854e-ed7df2df94c2','5464a7ba-4417-4a21-895d-0902bf4f9343','d13f2902-0581-4b6f-8a25-a8e2e0ed201f','df',NULL,'2019-08-28 12:03:19'),('4fc034f2-5625-47a6-aaac-901f2687b022','5464a7ba-4417-4a21-895d-0902bf4f9343','de41c5ba-b4a7-4d9b-8143-c4048d3f1931','sdcgsddsfsdfsdfs',NULL,'2019-10-19 16:14:05'),('4fc35510-6258-4f24-b2db-d50a6dc0b514','5464a7ba-4417-4a21-895d-0902bf4f9343','d751dab2-456c-4cd8-838e-fc9b4fd22f31','My nigga',NULL,'2019-10-21 01:12:56'),('52a71349-b0a8-405f-9652-e9286d5cfd9f','5464a7ba-4417-4a21-895d-0902bf4f9343','d13f2902-0581-4b6f-8a25-a8e2e0ed201f','sdfsdf',NULL,'2019-09-05 13:47:35'),('54572cdd-3937-415f-a7ed-89c4da621843','bb26a902-3936-4113-bd9f-3262952817ef','de41c5ba-b4a7-4d9b-8143-c4048d3f1931','d',NULL,'2019-10-20 08:14:26'),('5628ff3f-542a-4969-ada5-2f6daf8df16d','5464a7ba-4417-4a21-895d-0902bf4f9343','d13f2902-0581-4b6f-8a25-a8e2e0ed201f','cg',NULL,'2019-08-22 20:42:27'),('56724a29-4d30-4cd5-8965-8f9aa2273758','5464a7ba-4417-4a21-895d-0902bf4f9343','d751dab2-456c-4cd8-838e-fc9b4fd22f31','g',NULL,'2019-10-13 22:00:18'),('573bf68b-26d6-4d16-9e40-514c7b338c36','bb26a902-3936-4113-bd9f-3262952817ef','de41c5ba-b4a7-4d9b-8143-c4048d3f1931','8',NULL,'2019-10-19 16:39:18'),('5761fa73-9766-477a-92ac-71ab11c9d587','5464a7ba-4417-4a21-895d-0902bf4f9343','de41c5ba-b4a7-4d9b-8143-c4048d3f1931','Almog H212',NULL,'2019-10-19 16:17:58'),('57957d93-8ed4-4a38-9f7f-39b936690b44','5464a7ba-4417-4a21-895d-0902bf4f9343','de41c5ba-b4a7-4d9b-8143-c4048d3f1931','ghjghjghj',NULL,'2019-10-20 09:12:28'),('58761da6-8abd-40cc-8f13-ce663952aba7','5464a7ba-4417-4a21-895d-0902bf4f9343','de41c5ba-b4a7-4d9b-8143-c4048d3f1931','hgjghjgj',NULL,'2019-10-20 09:12:17'),('588bcf56-b880-4d1e-8908-806e96e8bea9','5464a7ba-4417-4a21-895d-0902bf4f9343','2e98d4b8-8cf0-4726-a2d5-285bf3b3adfc','?',NULL,'2019-08-28 00:56:46'),('5a373d91-e768-42f1-a1ec-44d1e28f3362','5464a7ba-4417-4a21-895d-0902bf4f9343','d751dab2-456c-4cd8-838e-fc9b4fd22f31','csxdgdsfg','100bed43-dffa-44ab-98db-675c6449c8fd','2019-10-21 19:12:03'),('5be51823-9484-4c77-ba30-994dc88449bc','5464a7ba-4417-4a21-895d-0902bf4f9343','de41c5ba-b4a7-4d9b-8143-c4048d3f1931','asfasfa',NULL,'2019-09-05 14:42:14'),('5c7ccb97-07ab-4419-9d3f-2959587ff7fe','5464a7ba-4417-4a21-895d-0902bf4f9343','2e98d4b8-8cf0-4726-a2d5-285bf3b3adfc','?',NULL,'2019-08-28 01:22:21'),('5c8f9e90-860b-4595-ab97-c6d9df920f07','5464a7ba-4417-4a21-895d-0902bf4f9343','d13f2902-0581-4b6f-8a25-a8e2e0ed201f','asd',NULL,'2019-10-16 21:16:07'),('5d867193-c6db-41e5-a64a-1cc389fd1309','5464a7ba-4417-4a21-895d-0902bf4f9343','de41c5ba-b4a7-4d9b-8143-c4048d3f1931','sdcgsddsfsdfsdfsfsdf',NULL,'2019-10-19 16:14:07'),('5d921b2b-c5d5-4259-adf9-c9cdc5faefe9','5464a7ba-4417-4a21-895d-0902bf4f9343','c2813fcd-1f42-448c-84a3-733aed3ef800','f',NULL,'2019-10-20 08:47:11'),('5dbcfb68-3628-4c2c-b309-b3daa4e77ba6','5464a7ba-4417-4a21-895d-0902bf4f9343','d13f2902-0581-4b6f-8a25-a8e2e0ed201f','dfg',NULL,'2019-09-05 13:28:39'),('5e7056a9-357e-4b97-9036-78419dc5ff73','5464a7ba-4417-4a21-895d-0902bf4f9343','d751dab2-456c-4cd8-838e-fc9b4fd22f31','fdg',NULL,'2019-10-14 23:19:15'),('5e72dbba-ed6d-4d21-a793-cb0bb285725b','bb26a902-3936-4113-bd9f-3262952817ef','de41c5ba-b4a7-4d9b-8143-c4048d3f1931','Sima',NULL,'2019-10-20 08:04:57'),('5ec7f818-136f-4b46-9ca6-3c8e417e18df','5464a7ba-4417-4a21-895d-0902bf4f9343','d751dab2-456c-4cd8-838e-fc9b4fd22f31','g',NULL,'2019-10-13 22:00:19'),('5ee5dedc-2261-4db5-a034-80f80f0034a5','5464a7ba-4417-4a21-895d-0902bf4f9343','de41c5ba-b4a7-4d9b-8143-c4048d3f1931','asdasd',NULL,'2019-10-14 23:19:47'),('5f16c15b-741d-42f6-a239-6a1e893e6d94','5464a7ba-4417-4a21-895d-0902bf4f9343','e9a584c5-eb80-4138-87dd-7f019203d401','dfgdfggf',NULL,'2019-10-20 09:11:17'),('5fe5d065-0a9c-406e-ac1b-4ee5acdba549','5464a7ba-4417-4a21-895d-0902bf4f9343','d13f2902-0581-4b6f-8a25-a8e2e0ed201f','sdfsd',NULL,'2019-10-16 21:16:09'),('603dca9d-9024-4bc2-be1d-63464b5a871c','5464a7ba-4417-4a21-895d-0902bf4f9343','de41c5ba-b4a7-4d9b-8143-c4048d3f1931','ghfg',NULL,'2019-10-20 09:12:09'),('60e96e4e-aa1b-475c-9859-732ab7d38a2b','bb26a902-3936-4113-bd9f-3262952817ef','de41c5ba-b4a7-4d9b-8143-c4048d3f1931','holy shit',NULL,'2019-08-21 00:14:25'),('618e7b2d-d0bb-4ea9-8de3-6938c317c140','bb26a902-3936-4113-bd9f-3262952817ef','de41c5ba-b4a7-4d9b-8143-c4048d3f1931','fgddfgdfg',NULL,'2019-10-19 16:39:04'),('61f2109d-4555-400f-aa6b-f90f74bb49df','5464a7ba-4417-4a21-895d-0902bf4f9343','d13f2902-0581-4b6f-8a25-a8e2e0ed201f','g',NULL,'2019-09-05 13:28:39'),('61f8a0d7-9a55-422c-965a-63f5d162f6a3','5464a7ba-4417-4a21-895d-0902bf4f9343','de41c5ba-b4a7-4d9b-8143-c4048d3f1931','asf',NULL,'2019-09-05 14:42:12'),('61f8ea0d-ba2b-44a8-b222-cafa79e0c956','5464a7ba-4417-4a21-895d-0902bf4f9343','de41c5ba-b4a7-4d9b-8143-c4048d3f1931','dfdf',NULL,'2019-10-20 08:15:00'),('651e0139-8a64-4be8-bf24-0e8d6e42b743','bb26a902-3936-4113-bd9f-3262952817ef','de41c5ba-b4a7-4d9b-8143-c4048d3f1931','OMRIII',NULL,'2019-08-21 00:14:36'),('653f0bd0-eedc-4001-bed1-b16e10cf951b','5464a7ba-4417-4a21-895d-0902bf4f9343','de41c5ba-b4a7-4d9b-8143-c4048d3f1931','dsfsdf',NULL,'2019-10-21 00:57:22'),('6573246b-66e7-4122-bfb1-2dc3d52ea339','5464a7ba-4417-4a21-895d-0902bf4f9343','c2813fcd-1f42-448c-84a3-733aed3ef800','lkjflaksf',NULL,'2019-10-20 08:47:07'),('6656c8d6-f385-4eff-bf4a-9daa7e0eb2c3','5464a7ba-4417-4a21-895d-0902bf4f9343','2e98d4b8-8cf0-4726-a2d5-285bf3b3adfc','?',NULL,'2019-08-28 01:23:17'),('67612568-4e25-49f1-bf34-0b0234010482','5464a7ba-4417-4a21-895d-0902bf4f9343','adb74822-a827-4612-91e2-96009b13b30d','d',NULL,'2019-10-19 17:18:17'),('67bffe22-adbd-48f0-829b-64a5d95fa592','5464a7ba-4417-4a21-895d-0902bf4f9343','d751dab2-456c-4cd8-838e-fc9b4fd22f31','fg',NULL,'2019-10-13 22:00:20'),('6a5e2398-c42b-4c61-b965-7e9e0edc14f8','7d612d87-e2e9-4734-b6b2-b410b47d7995','f1e5304d-cadf-4858-bb80-5971e2f0104e','asdasfasfasfasf',NULL,'2019-07-06 20:37:48'),('6b796ae3-33c7-45fe-a66a-5309af877dd0','bb26a902-3936-4113-bd9f-3262952817ef','de41c5ba-b4a7-4d9b-8143-c4048d3f1931','Alay',NULL,'2019-08-21 00:14:40'),('6c36d6f1-cd00-46ee-a383-e35b981f14d4','5464a7ba-4417-4a21-895d-0902bf4f9343','de41c5ba-b4a7-4d9b-8143-c4048d3f1931','s',NULL,'2019-10-20 09:12:10'),('6e2624fa-5847-431b-aee0-39e328d2c6b7','5464a7ba-4417-4a21-895d-0902bf4f9343','d13f2902-0581-4b6f-8a25-a8e2e0ed201f','Sima',NULL,'2019-10-16 21:20:06'),('6edc74eb-34f3-4cf8-ba5b-196740732073','5464a7ba-4417-4a21-895d-0902bf4f9343','2e98d4b8-8cf0-4726-a2d5-285bf3b3adfc','?',NULL,'2019-08-28 01:52:35'),('6effd0fd-efdf-4fa9-a5b0-85abf7e04aa3','5464a7ba-4417-4a21-895d-0902bf4f9343','de41c5ba-b4a7-4d9b-8143-c4048d3f1931','gfdg',NULL,'2019-10-14 23:19:48'),('6f093386-d148-49b2-8c51-afbae6e32023','bb26a902-3936-4113-bd9f-3262952817ef','de41c5ba-b4a7-4d9b-8143-c4048d3f1931','alay',NULL,'2019-08-21 00:14:38'),('6ffaceea-a5dd-4806-bb32-5244462b825b','5464a7ba-4417-4a21-895d-0902bf4f9343','de41c5ba-b4a7-4d9b-8143-c4048d3f1931','ghjghjghj',NULL,'2019-10-20 09:12:24'),('71ec3ff6-9a82-4fb1-82da-541b90d2b83b','5464a7ba-4417-4a21-895d-0902bf4f9343','d751dab2-456c-4cd8-838e-fc9b4fd22f31','Hello',NULL,'2019-10-20 08:14:43'),('73d52fb7-d22c-4332-b49d-39c97fd128bf','5464a7ba-4417-4a21-895d-0902bf4f9343','de41c5ba-b4a7-4d9b-8143-c4048d3f1931','sf',NULL,'2019-08-22 20:42:31'),('74cb53fc-ab7e-44d5-ad32-90dd978081dd','5464a7ba-4417-4a21-895d-0902bf4f9343','d13f2902-0581-4b6f-8a25-a8e2e0ed201f','dfgdfgdfg',NULL,'2019-10-16 21:16:19'),('74f38b7f-b55c-424a-8a14-ad7280af8f1e','5464a7ba-4417-4a21-895d-0902bf4f9343','de41c5ba-b4a7-4d9b-8143-c4048d3f1931','asfasf',NULL,'2019-08-28 12:17:42'),('76737f03-648f-4a8f-9919-3b42740794fb','5464a7ba-4417-4a21-895d-0902bf4f9343','d751dab2-456c-4cd8-838e-fc9b4fd22f31','gdf',NULL,'2019-10-14 23:19:12'),('77b28d7a-30b5-4e45-a2bc-a7e3c8b615e3','5464a7ba-4417-4a21-895d-0902bf4f9343','de41c5ba-b4a7-4d9b-8143-c4048d3f1931','dfgdfg',NULL,'2019-10-18 23:28:58'),('78f298f9-73a6-44fd-96d1-55d7df9ec8c3','5464a7ba-4417-4a21-895d-0902bf4f9343','d751dab2-456c-4cd8-838e-fc9b4fd22f31','df',NULL,'2019-10-13 22:00:18'),('794e3b2e-c7d1-485d-9b9e-7f63c3074422','5464a7ba-4417-4a21-895d-0902bf4f9343','de41c5ba-b4a7-4d9b-8143-c4048d3f1931','fs',NULL,'2019-08-28 12:17:43'),('7a52443a-6351-4ad4-9245-b39a54a5c391','5464a7ba-4417-4a21-895d-0902bf4f9343','d751dab2-456c-4cd8-838e-fc9b4fd22f31','dfg',NULL,'2019-10-13 22:00:20'),('7aaa3fd5-6684-446d-bc87-d9fd343a4fe4','bb26a902-3936-4113-bd9f-3262952817ef','de41c5ba-b4a7-4d9b-8143-c4048d3f1931','dfghdfghdfh',NULL,'2019-09-05 15:22:27'),('7caeaa8a-c594-4687-8057-3331569b5167','7d612d87-e2e9-4734-b6b2-b410b47d7995','f1e5304d-cadf-4858-bb80-5971e2f0104e','s',NULL,'2019-07-06 20:37:40'),('7ce42713-ee4e-42aa-ae14-661c338ef567','5464a7ba-4417-4a21-895d-0902bf4f9343','d751dab2-456c-4cd8-838e-fc9b4fd22f31','dfg',NULL,'2019-10-13 22:00:17'),('7d0bf7a9-b7ea-4fe2-ae7e-865d9b0ac6eb','5464a7ba-4417-4a21-895d-0902bf4f9343','de41c5ba-b4a7-4d9b-8143-c4048d3f1931','asfasf',NULL,'2019-09-05 14:42:12'),('7ddb0c16-a93e-4f35-8bc1-995a2b2a51f8','5464a7ba-4417-4a21-895d-0902bf4f9343','de41c5ba-b4a7-4d9b-8143-c4048d3f1931','sdcgsd',NULL,'2019-10-19 16:14:03'),('7de04752-f033-4d2c-9f49-ce77468ead06','5464a7ba-4417-4a21-895d-0902bf4f9343','de41c5ba-b4a7-4d9b-8143-c4048d3f1931','ghjghjghj',NULL,'2019-10-20 09:12:23'),('7df660f4-9474-4fd5-a6e2-695d3c8fc372','5464a7ba-4417-4a21-895d-0902bf4f9343','c2813fcd-1f42-448c-84a3-733aed3ef800','Almog HAmdaniu',NULL,'2019-10-20 08:47:06'),('7edab01e-11cb-4c88-8fbc-ff6bc1b6cc86','5464a7ba-4417-4a21-895d-0902bf4f9343','d751dab2-456c-4cd8-838e-fc9b4fd22f31','ddsdsdsd',NULL,'2019-10-21 01:12:42'),('805cc8bc-85f1-4eba-b243-7e1d5a503d82','5464a7ba-4417-4a21-895d-0902bf4f9343','d751dab2-456c-4cd8-838e-fc9b4fd22f31','fgdf',NULL,'2019-10-14 23:19:11'),('80bcd28d-cc28-4044-9161-ca24d0924ebe','5464a7ba-4417-4a21-895d-0902bf4f9343','d13f2902-0581-4b6f-8a25-a8e2e0ed201f','sd',NULL,'2019-07-06 14:36:37'),('8126a269-9129-4045-881c-d3dafff38e00','bb26a902-3936-4113-bd9f-3262952817ef','de41c5ba-b4a7-4d9b-8143-c4048d3f1931','Hello there',NULL,'2019-10-19 17:14:05'),('8257daad-75dc-4731-8d7b-4fda690b9e9d','5464a7ba-4417-4a21-895d-0902bf4f9343','de41c5ba-b4a7-4d9b-8143-c4048d3f1931','Hello my friend',NULL,'2019-10-20 11:55:25'),('8283b25d-1a19-4764-9ced-2d3d985b8c2b','bb26a902-3936-4113-bd9f-3262952817ef','de41c5ba-b4a7-4d9b-8143-c4048d3f1931','dfgfg',NULL,'2019-10-19 16:25:52'),('82e24844-28ff-4d54-a55b-70e14bc5bd92','5464a7ba-4417-4a21-895d-0902bf4f9343','d751dab2-456c-4cd8-838e-fc9b4fd22f31','df',NULL,'2019-10-13 22:00:17'),('83955337-2c80-43ca-a4d0-bbfa164d5e3c','5464a7ba-4417-4a21-895d-0902bf4f9343','d751dab2-456c-4cd8-838e-fc9b4fd22f31','fghfgh',NULL,'2019-10-18 23:28:44'),('83f3a88a-d491-431b-9fe7-93bad7ffa6e4','5464a7ba-4417-4a21-895d-0902bf4f9343','2e98d4b8-8cf0-4726-a2d5-285bf3b3adfc','?',NULL,'2019-08-28 00:57:51'),('84d3e747-ec1d-464b-972f-9194bc0cb84a','5464a7ba-4417-4a21-895d-0902bf4f9343','c2813fcd-1f42-448c-84a3-733aed3ef800','sd',NULL,'2019-10-20 08:47:10'),('84d6c79f-17a7-453b-b8d7-740aae3fd6e6','5464a7ba-4417-4a21-895d-0902bf4f9343','de41c5ba-b4a7-4d9b-8143-c4048d3f1931','asfasfaf',NULL,'2019-09-05 14:42:14'),('8532dacd-22a4-4f49-ae06-a9b52d2c72d7','bb26a902-3936-4113-bd9f-3262952817ef','de41c5ba-b4a7-4d9b-8143-c4048d3f1931','7',NULL,'2019-10-19 16:40:58'),('8540bf90-6942-41f5-9620-bf186e5c00d3','5464a7ba-4417-4a21-895d-0902bf4f9343','c2813fcd-1f42-448c-84a3-733aed3ef800','sd',NULL,'2019-10-20 08:47:09'),('85528abe-346d-4f9b-8baf-dfc35fda70f0','5464a7ba-4417-4a21-895d-0902bf4f9343','d751dab2-456c-4cd8-838e-fc9b4fd22f31','dfh','e67ef609-3d30-4f84-97f2-b61e5a1287fb','2019-10-21 21:07:40'),('86007557-91e4-49fd-97ea-b97b4ca28347','bb26a902-3936-4113-bd9f-3262952817ef','de41c5ba-b4a7-4d9b-8143-c4048d3f1931','a',NULL,'2019-10-19 16:34:10'),('87c9b245-9fda-4c4a-bbc9-8740b56d0d47','5464a7ba-4417-4a21-895d-0902bf4f9343','de41c5ba-b4a7-4d9b-8143-c4048d3f1931','dsadsadasdasdasd',NULL,'2019-09-05 14:49:07'),('87cdbb1c-67ca-49f0-aa76-3f11eb0d9c01','5464a7ba-4417-4a21-895d-0902bf4f9343','de41c5ba-b4a7-4d9b-8143-c4048d3f1931','safa',NULL,'2019-08-28 12:17:43'),('884608fe-4152-4e5f-a3c9-1efb7501bf25','5464a7ba-4417-4a21-895d-0902bf4f9343','d13f2902-0581-4b6f-8a25-a8e2e0ed201f','sdfsdf\'sdf',NULL,'2019-10-16 21:16:09'),('887e6563-a9ea-4b27-a02f-b94f32b7af23','bb26a902-3936-4113-bd9f-3262952817ef','de41c5ba-b4a7-4d9b-8143-c4048d3f1931','fgd',NULL,'2019-10-19 16:39:03'),('8917f64e-617f-4f72-a7ef-75fd7a03623b','5464a7ba-4417-4a21-895d-0902bf4f9343','d13f2902-0581-4b6f-8a25-a8e2e0ed201f','df',NULL,'2019-08-28 12:03:19'),('89fca8fc-e3c3-4567-bf71-0386b993edbd','5464a7ba-4417-4a21-895d-0902bf4f9343','de41c5ba-b4a7-4d9b-8143-c4048d3f1931','sdcgsd',NULL,'2019-10-19 16:14:03'),('89fd7dc9-e0b8-4962-ac4e-8f9507f3a099','bb26a902-3936-4113-bd9f-3262952817ef','de41c5ba-b4a7-4d9b-8143-c4048d3f1931','1',NULL,'2019-10-19 16:39:14'),('8a235c68-7f56-4c34-88d5-cb926a531b62','5464a7ba-4417-4a21-895d-0902bf4f9343','d13f2902-0581-4b6f-8a25-a8e2e0ed201f','Hello',NULL,'2019-10-20 11:55:16'),('8a6bae5c-4192-4a8b-afb8-472a8f4d7554','5464a7ba-4417-4a21-895d-0902bf4f9343','d13f2902-0581-4b6f-8a25-a8e2e0ed201f','dfg',NULL,'2019-09-05 13:28:37'),('8a6bea61-ff2e-4590-82fc-dcf65801b57d','bb26a902-3936-4113-bd9f-3262952817ef','de41c5ba-b4a7-4d9b-8143-c4048d3f1931','Hello',NULL,'2019-08-21 00:14:17'),('8b0a398d-6822-4f12-abc0-a08ffcc35933','5464a7ba-4417-4a21-895d-0902bf4f9343','d751dab2-456c-4cd8-838e-fc9b4fd22f31','dfgh',NULL,'2019-10-14 23:19:11'),('8c3206e5-38a4-4a94-ba53-67987fa76887','5464a7ba-4417-4a21-895d-0902bf4f9343','de41c5ba-b4a7-4d9b-8143-c4048d3f1931','kjkjkjk',NULL,'2019-09-05 15:26:26'),('8c6c898f-608d-44b3-b338-f88539df104d','bb26a902-3936-4113-bd9f-3262952817ef','de41c5ba-b4a7-4d9b-8143-c4048d3f1931','asfasf',NULL,'2019-09-05 15:22:23'),('8c74dfa8-7901-4485-9a91-66b849d40bbd','5464a7ba-4417-4a21-895d-0902bf4f9343','de41c5ba-b4a7-4d9b-8143-c4048d3f1931','asf',NULL,'2019-09-05 14:42:13'),('8c8c53a4-ff5b-46c8-9116-e1f72d6f4f4c','5464a7ba-4417-4a21-895d-0902bf4f9343','de41c5ba-b4a7-4d9b-8143-c4048d3f1931','ghjghjkghj',NULL,'2019-10-20 09:12:18'),('8d24b2f9-0da3-4227-ac96-fef2cfc8a93f','5464a7ba-4417-4a21-895d-0902bf4f9343','d13f2902-0581-4b6f-8a25-a8e2e0ed201f','fsd',NULL,'2019-07-06 14:36:38'),('8d6205fc-34da-41d5-b73e-173716c8cb81','5464a7ba-4417-4a21-895d-0902bf4f9343','2e98d4b8-8cf0-4726-a2d5-285bf3b3adfc','?',NULL,'2019-08-28 10:37:57'),('8d633124-a432-410c-8896-e53cee2de848','5464a7ba-4417-4a21-895d-0902bf4f9343','d751dab2-456c-4cd8-838e-fc9b4fd22f31','gg',NULL,'2019-10-14 23:19:14'),('8e51a6de-3434-4d46-b317-076b62cafdda','5464a7ba-4417-4a21-895d-0902bf4f9343','e9a584c5-eb80-4138-87dd-7f019203d401','dfgdfg',NULL,'2019-10-20 09:11:41'),('8faa11a9-8b7b-43e4-8590-b07dd4b3c045','5464a7ba-4417-4a21-895d-0902bf4f9343','c2813fcd-1f42-448c-84a3-733aed3ef800','sdf',NULL,'2019-10-20 08:47:09'),('9026b830-8a1b-4d19-b2a8-6e429b5c24ad','5464a7ba-4417-4a21-895d-0902bf4f9343','d13f2902-0581-4b6f-8a25-a8e2e0ed201f','s',NULL,'2019-07-06 14:36:36'),('90af1138-69f3-469e-99e1-ad58ba71f4f5','bb26a902-3936-4113-bd9f-3262952817ef','de41c5ba-b4a7-4d9b-8143-c4048d3f1931','1',NULL,'2019-10-19 16:40:55'),('914cb333-7796-4b88-b6be-15dd5001aaec','5464a7ba-4417-4a21-895d-0902bf4f9343','e9a584c5-eb80-4138-87dd-7f019203d401','sdfgfsdfg',NULL,'2019-10-21 01:14:43'),('91fc38b1-afad-4075-9b5f-32c7410b7fa5','5464a7ba-4417-4a21-895d-0902bf4f9343','de41c5ba-b4a7-4d9b-8143-c4048d3f1931','ghjghjghj',NULL,'2019-10-20 09:12:25'),('9515ea4d-05ec-4b95-8000-3a50cc6d6128','5464a7ba-4417-4a21-895d-0902bf4f9343','de41c5ba-b4a7-4d9b-8143-c4048d3f1931','dfgsdgsdg',NULL,'2019-10-20 09:12:12'),('97e5627b-43b2-4a00-b85d-7a82dfb70070','5464a7ba-4417-4a21-895d-0902bf4f9343','adb74822-a827-4612-91e2-96009b13b30d','d\nd',NULL,'2019-10-19 17:19:04'),('98d30013-c62f-4a52-a548-9252a7395e11','5464a7ba-4417-4a21-895d-0902bf4f9343','de41c5ba-b4a7-4d9b-8143-c4048d3f1931','g',NULL,'2019-10-20 09:12:09'),('99bb3fd6-92c5-4d51-b2a7-c8470fafc2d3','bb26a902-3936-4113-bd9f-3262952817ef','de41c5ba-b4a7-4d9b-8143-c4048d3f1931','asdfasfa',NULL,'2019-10-14 23:19:41'),('9c9ec2fa-baa2-42dd-83ee-7b3c8f12df24','5464a7ba-4417-4a21-895d-0902bf4f9343','d751dab2-456c-4cd8-838e-fc9b4fd22f31','xfbfgd',NULL,'2019-10-21 12:35:13'),('9d471cfb-40d7-4e41-8fa8-6248c779e448','bb26a902-3936-4113-bd9f-3262952817ef','de41c5ba-b4a7-4d9b-8143-c4048d3f1931','asgasgasgasg',NULL,'2019-09-07 11:58:55'),('9da04f3f-aa68-4f82-a8bc-cca2b09c13e2','5464a7ba-4417-4a21-895d-0902bf4f9343','d13f2902-0581-4b6f-8a25-a8e2e0ed201f','dfg',NULL,'2019-09-05 13:28:39'),('9def3cf1-8c29-4000-9057-a5cf466620b3','5464a7ba-4417-4a21-895d-0902bf4f9343','d751dab2-456c-4cd8-838e-fc9b4fd22f31','fg',NULL,'2019-10-13 22:00:20'),('9f2b96ae-ef4d-4818-9f86-0113204d930e','5464a7ba-4417-4a21-895d-0902bf4f9343','d13f2902-0581-4b6f-8a25-a8e2e0ed201f','f',NULL,'2019-07-06 14:36:38'),('9f58a0cc-c80e-49e1-bea1-86e5342a9952','5464a7ba-4417-4a21-895d-0902bf4f9343','c2813fcd-1f42-448c-84a3-733aed3ef800','asfas',NULL,'2019-10-20 08:47:07'),('9f91c667-3d43-42c7-8ea6-d95650b0fe08','5464a7ba-4417-4a21-895d-0902bf4f9343','d751dab2-456c-4cd8-838e-fc9b4fd22f31','gdf',NULL,'2019-10-13 22:00:18'),('a031c38a-44d3-4511-8009-eddfadcf6c58','5464a7ba-4417-4a21-895d-0902bf4f9343','d751dab2-456c-4cd8-838e-fc9b4fd22f31','dfg',NULL,'2019-10-13 22:00:19'),('a12c8d12-fecd-4cf6-a51b-b5818d908e7b','5464a7ba-4417-4a21-895d-0902bf4f9343','c2813fcd-1f42-448c-84a3-733aed3ef800','fsd',NULL,'2019-10-20 08:47:11'),('a1d04c60-86a5-4096-9825-fa8f09790529','5464a7ba-4417-4a21-895d-0902bf4f9343','d13f2902-0581-4b6f-8a25-a8e2e0ed201f','f',NULL,'2019-07-06 14:36:38'),('a2697c2f-29d2-487b-b652-f9d55e722d7a','bb26a902-3936-4113-bd9f-3262952817ef','de41c5ba-b4a7-4d9b-8143-c4048d3f1931','sdf/l,sdjflksdjf',NULL,'2019-10-19 17:14:19'),('a280d5c0-a264-4a60-99af-d1902ae188cc','5464a7ba-4417-4a21-895d-0902bf4f9343','de41c5ba-b4a7-4d9b-8143-c4048d3f1931','sdg',NULL,'2019-10-20 09:12:10'),('a2a35c4e-1d87-4c26-adfd-6610bc9ea474','7d612d87-e2e9-4734-b6b2-b410b47d7995','f1e5304d-cadf-4858-bb80-5971e2f0104e','s',NULL,'2019-07-06 20:37:41'),('a3519d81-2b96-4d5f-a7cd-95f4dc5d45c1','bb26a902-3936-4113-bd9f-3262952817ef','de41c5ba-b4a7-4d9b-8143-c4048d3f1931','fghjfgj',NULL,'2019-09-07 11:58:50'),('a3625537-a319-49d5-a894-7e7ffea04f08','7d612d87-e2e9-4734-b6b2-b410b47d7995','f1e5304d-cadf-4858-bb80-5971e2f0104e','s',NULL,'2019-07-06 20:37:39'),('a3f36fe6-c294-4773-86e9-f1c07b024dd0','5464a7ba-4417-4a21-895d-0902bf4f9343','de41c5ba-b4a7-4d9b-8143-c4048d3f1931','fgh',NULL,'2019-10-20 09:12:09'),('a3fccd85-389b-4ba2-afdf-0ac06472f0f6','5464a7ba-4417-4a21-895d-0902bf4f9343','de41c5ba-b4a7-4d9b-8143-c4048d3f1931','fgdfg',NULL,'2019-10-19 16:13:51'),('a4307e55-ab55-4460-b6a4-467327fa63aa','5464a7ba-4417-4a21-895d-0902bf4f9343','d13f2902-0581-4b6f-8a25-a8e2e0ed201f','df',NULL,'2019-08-28 12:03:19'),('a45721bd-eb98-4b98-8a40-17169c6e5d42','5464a7ba-4417-4a21-895d-0902bf4f9343','de41c5ba-b4a7-4d9b-8143-c4048d3f1931','asdasd',NULL,'2019-10-14 23:19:45'),('a51a4611-084d-4101-b87a-1c255d689b1a','5464a7ba-4417-4a21-895d-0902bf4f9343','de41c5ba-b4a7-4d9b-8143-c4048d3f1931','gsd',NULL,'2019-10-20 09:12:09'),('a54b1169-6bb2-42fa-a82f-6928f833d135','5464a7ba-4417-4a21-895d-0902bf4f9343','d13f2902-0581-4b6f-8a25-a8e2e0ed201f','fdg',NULL,'2019-09-05 13:28:38'),('a5e5833d-f386-48d3-b16d-1090b23af955','5464a7ba-4417-4a21-895d-0902bf4f9343','2e98d4b8-8cf0-4726-a2d5-285bf3b3adfc','?',NULL,'2019-08-28 00:56:55'),('a68ac34c-3338-4ec8-a6d1-fa9f62458ea3','bb26a902-3936-4113-bd9f-3262952817ef','de41c5ba-b4a7-4d9b-8143-c4048d3f1931','asfasf',NULL,'2019-09-05 15:22:20'),('a6adc8f5-c1ed-4d49-b2b1-b6cf807bd573','5464a7ba-4417-4a21-895d-0902bf4f9343','de41c5ba-b4a7-4d9b-8143-c4048d3f1931','Hello Finally no lags',NULL,'2019-10-20 09:11:54'),('a6b94ad0-1c5c-446f-b35a-7afc48fe30cc','5464a7ba-4417-4a21-895d-0902bf4f9343','d751dab2-456c-4cd8-838e-fc9b4fd22f31','df',NULL,'2019-10-13 22:00:18'),('a7687dd9-d40f-410f-a9a4-cabbcc6996ac','5464a7ba-4417-4a21-895d-0902bf4f9343','c2813fcd-1f42-448c-84a3-733aed3ef800','fs',NULL,'2019-10-20 08:47:08'),('a8f3f46b-718f-4a8d-8479-d9f3350aaee3','5464a7ba-4417-4a21-895d-0902bf4f9343','de41c5ba-b4a7-4d9b-8143-c4048d3f1931','sd',NULL,'2019-08-28 12:17:45'),('abd441fc-9e9f-48be-a887-725c093b4eb5','5464a7ba-4417-4a21-895d-0902bf4f9343','2e98d4b8-8cf0-4726-a2d5-285bf3b3adfc','?',NULL,'2019-08-28 02:14:55'),('ac22055f-78ae-4291-8ed7-766b4c2e9ffc','5464a7ba-4417-4a21-895d-0902bf4f9343','d751dab2-456c-4cd8-838e-fc9b4fd22f31','cvbcvbcvbmszdl',NULL,'2019-10-21 12:38:39'),('ad7f9f9a-1725-4662-a555-a2dc1aeb7f55','5464a7ba-4417-4a21-895d-0902bf4f9343','d13f2902-0581-4b6f-8a25-a8e2e0ed201f','sd',NULL,'2019-07-06 14:36:39'),('adcff6a2-be07-445b-b919-cb9aaf816748','5464a7ba-4417-4a21-895d-0902bf4f9343','de41c5ba-b4a7-4d9b-8143-c4048d3f1931','dfcg',NULL,'2019-10-14 23:20:02'),('ae692471-f9d6-4899-84a3-310386928b4c','bb26a902-3936-4113-bd9f-3262952817ef','de41c5ba-b4a7-4d9b-8143-c4048d3f1931','asf',NULL,'2019-09-05 15:22:20'),('aedb170c-3945-4afd-ab0a-d17c3574cbc5','5464a7ba-4417-4a21-895d-0902bf4f9343','d13f2902-0581-4b6f-8a25-a8e2e0ed201f','fs',NULL,'2019-07-06 14:36:37'),('aefb0901-d339-400b-8e19-54b28304c003','5464a7ba-4417-4a21-895d-0902bf4f9343','d13f2902-0581-4b6f-8a25-a8e2e0ed201f','sdf',NULL,'2019-10-16 21:16:10'),('af36feb6-046b-4267-9721-99f8ea0b82ac','bb26a902-3936-4113-bd9f-3262952817ef','de41c5ba-b4a7-4d9b-8143-c4048d3f1931','78',NULL,'2019-10-19 16:40:58'),('af879230-5bb2-4daf-8282-0eb4f0f084df','5464a7ba-4417-4a21-895d-0902bf4f9343','d751dab2-456c-4cd8-838e-fc9b4fd22f31','dfghdfg','89d2e7ba-470e-4e45-aa0e-911886ebab71','2019-10-21 20:02:10'),('b066665a-cf1e-4c59-a5c7-41c91a57bf53','5464a7ba-4417-4a21-895d-0902bf4f9343','de41c5ba-b4a7-4d9b-8143-c4048d3f1931','ghjghjghj',NULL,'2019-10-20 09:12:26'),('b126a728-e2e1-4cdd-9ab3-ab43701e3e0e','bb26a902-3936-4113-bd9f-3262952817ef','de41c5ba-b4a7-4d9b-8143-c4048d3f1931','fsdfsdfsdfsdfsfsd',NULL,'2019-09-05 15:05:09'),('b13a5a54-ae35-4d4a-bd52-3dc75b5a2ce0','5464a7ba-4417-4a21-895d-0902bf4f9343','de41c5ba-b4a7-4d9b-8143-c4048d3f1931','afdsfsdf',NULL,'2019-10-20 09:12:15'),('b1bedaaf-431a-49d6-a1b2-c86bec706509','5464a7ba-4417-4a21-895d-0902bf4f9343','de41c5ba-b4a7-4d9b-8143-c4048d3f1931','sdcgsddsfsdfsdfsf',NULL,'2019-10-19 16:14:06'),('b1d95a7f-537a-4262-9756-6e644c93f6ed','5464a7ba-4417-4a21-895d-0902bf4f9343','d751dab2-456c-4cd8-838e-fc9b4fd22f31','dsafsdfsdf',NULL,'2019-10-20 08:47:15'),('b2559480-fa1a-4ae1-8077-551e6eefaad3','5464a7ba-4417-4a21-895d-0902bf4f9343','d751dab2-456c-4cd8-838e-fc9b4fd22f31','gfd',NULL,'2019-10-14 23:19:15'),('b2db89e7-74c7-468b-a89a-0304f7b389c4','bb26a902-3936-4113-bd9f-3262952817ef','de41c5ba-b4a7-4d9b-8143-c4048d3f1931','d',NULL,'2019-10-19 16:30:04'),('b3847586-cbc3-401e-b569-5f3e90233d9e','5464a7ba-4417-4a21-895d-0902bf4f9343','d751dab2-456c-4cd8-838e-fc9b4fd22f31','gdf',NULL,'2019-10-13 22:00:19'),('b3c67b44-8408-4096-85f6-50e7ab6b4792','bb26a902-3936-4113-bd9f-3262952817ef','de41c5ba-b4a7-4d9b-8143-c4048d3f1931','sd',NULL,'2019-08-21 00:14:15'),('b3cae890-27f5-4436-817c-79f23e1bcdba','bb26a902-3936-4113-bd9f-3262952817ef','de41c5ba-b4a7-4d9b-8143-c4048d3f1931','asfasf',NULL,'2019-09-05 15:22:19'),('b518e8c9-a6ed-451f-ac88-1e072a8e0f5d','5464a7ba-4417-4a21-895d-0902bf4f9343','d13f2902-0581-4b6f-8a25-a8e2e0ed201f','OMRI',NULL,'2019-07-06 18:59:01'),('b570c7a2-5e15-4d69-904a-92b134da9f86','5464a7ba-4417-4a21-895d-0902bf4f9343','d13f2902-0581-4b6f-8a25-a8e2e0ed201f','sdf',NULL,'2019-08-22 20:42:27'),('b5d58739-504a-4078-8304-541ac2c7a855','5464a7ba-4417-4a21-895d-0902bf4f9343','d13f2902-0581-4b6f-8a25-a8e2e0ed201f','asdasd',NULL,'2019-10-16 21:16:13'),('b63951b0-1375-4a9f-85cb-a477a933c969','5464a7ba-4417-4a21-895d-0902bf4f9343','c2813fcd-1f42-448c-84a3-733aed3ef800','sdf',NULL,'2019-10-20 08:47:09'),('b6b43005-fc66-4671-b1c4-05655929a29e','5464a7ba-4417-4a21-895d-0902bf4f9343','2e98d4b8-8cf0-4726-a2d5-285bf3b3adfc','?',NULL,'2019-08-28 00:57:50'),('b6b56d25-4b8b-492c-8945-ecb48fb7f98e','5464a7ba-4417-4a21-895d-0902bf4f9343','d13f2902-0581-4b6f-8a25-a8e2e0ed201f','sdf',NULL,'2019-10-16 21:16:09'),('b6c769e0-754f-40cc-a1bf-24bcac0949ee','5464a7ba-4417-4a21-895d-0902bf4f9343','de41c5ba-b4a7-4d9b-8143-c4048d3f1931','saasd',NULL,'2019-09-05 14:49:06'),('b72a3b63-18d4-4d89-9c5d-bdf43ae02077','bb26a902-3936-4113-bd9f-3262952817ef','de41c5ba-b4a7-4d9b-8143-c4048d3f1931','234',NULL,'2019-10-19 16:40:57'),('b8a2f72b-b386-4aa7-ad3a-4cf66304449f','5464a7ba-4417-4a21-895d-0902bf4f9343','2e98d4b8-8cf0-4726-a2d5-285bf3b3adfc','?',NULL,'2019-08-28 00:57:12'),('babadd0f-b193-44af-bac2-7676dde8eee8','5464a7ba-4417-4a21-895d-0902bf4f9343','c2813fcd-1f42-448c-84a3-733aed3ef800','s\';f',NULL,'2019-10-20 08:47:07'),('bbdb8d41-45a8-4397-8c3a-6ac719f1c9b0','5464a7ba-4417-4a21-895d-0902bf4f9343','d751dab2-456c-4cd8-838e-fc9b4fd22f31','gdf',NULL,'2019-10-13 22:00:17'),('be201a8c-42b3-43a1-a71a-07f75edc32d9','5464a7ba-4417-4a21-895d-0902bf4f9343','d751dab2-456c-4cd8-838e-fc9b4fd22f31','df',NULL,'2019-10-13 22:00:18'),('be89fd6f-4786-4fd5-bb62-8fc6c8d7028f','5464a7ba-4417-4a21-895d-0902bf4f9343','d13f2902-0581-4b6f-8a25-a8e2e0ed201f','sd',NULL,'2019-07-06 14:36:38'),('bf0b45ab-66b1-431b-8547-4579991720e5','bb26a902-3936-4113-bd9f-3262952817ef','de41c5ba-b4a7-4d9b-8143-c4048d3f1931','SIma',NULL,'2019-08-21 00:14:41'),('bf25f714-038d-46ad-9c9f-7d0e1b87fdd6','5464a7ba-4417-4a21-895d-0902bf4f9343','d751dab2-456c-4cd8-838e-fc9b4fd22f31','fg',NULL,'2019-10-14 23:19:15'),('bf4cf59a-cdb3-4fb2-be6d-937b7021f7d1','5464a7ba-4417-4a21-895d-0902bf4f9343','d13f2902-0581-4b6f-8a25-a8e2e0ed201f','dfgdfgdfg',NULL,'2019-10-16 21:16:18'),('bfbfb730-f2cb-4ca8-af18-209eedc08d10','5464a7ba-4417-4a21-895d-0902bf4f9343','d751dab2-456c-4cd8-838e-fc9b4fd22f31','csxdgdsfg','100bed43-dffa-44ab-98db-675c6449c8fd','2019-10-21 19:12:08'),('c1812351-1327-4a43-867e-c2395272790c','5464a7ba-4417-4a21-895d-0902bf4f9343','c2813fcd-1f42-448c-84a3-733aed3ef800','f',NULL,'2019-10-20 08:47:08'),('c28023d9-5bdd-4aeb-ae26-119be8a56e73','5464a7ba-4417-4a21-895d-0902bf4f9343','d751dab2-456c-4cd8-838e-fc9b4fd22f31','dfg',NULL,'2019-10-13 22:00:17'),('c3242ec8-ba8b-4012-ae92-50fc7ebf94c6','5464a7ba-4417-4a21-895d-0902bf4f9343','de41c5ba-b4a7-4d9b-8143-c4048d3f1931','dfhdfh',NULL,'2019-09-05 15:26:18'),('c34b6963-cd12-4dc7-ad7d-c4aac273637a','5464a7ba-4417-4a21-895d-0902bf4f9343','d751dab2-456c-4cd8-838e-fc9b4fd22f31','hfghfgh',NULL,'2019-10-18 23:28:49'),('c4e0d6e3-e7a1-4cfd-b864-86ad11ff59a6','5464a7ba-4417-4a21-895d-0902bf4f9343','de41c5ba-b4a7-4d9b-8143-c4048d3f1931','jgfhjghjghj',NULL,'2019-10-20 09:12:16'),('c53d1fb2-fb9e-4db1-8b00-b05928f58458','5464a7ba-4417-4a21-895d-0902bf4f9343','de41c5ba-b4a7-4d9b-8143-c4048d3f1931','as',NULL,'2019-08-28 12:17:46'),('c6980e4e-84e8-4b5c-94d8-3916ee038aee','5464a7ba-4417-4a21-895d-0902bf4f9343','d751dab2-456c-4cd8-838e-fc9b4fd22f31','s',NULL,'2019-10-21 01:12:45'),('c84d304e-b0b0-491b-88b0-5f4a0829ffc6','bb26a902-3936-4113-bd9f-3262952817ef','de41c5ba-b4a7-4d9b-8143-c4048d3f1931','asfsaf',NULL,'2019-09-07 11:58:52'),('c8c8f96a-3555-4ed0-96c2-f012da81406e','5464a7ba-4417-4a21-895d-0902bf4f9343','d751dab2-456c-4cd8-838e-fc9b4fd22f31','cvhncvh','587ce985-bf8b-4cca-a5e3-9270b5423a4b','2019-10-21 21:08:29'),('c98f096d-4d1d-45bd-9800-4c98b77847a4','5464a7ba-4417-4a21-895d-0902bf4f9343','2e98d4b8-8cf0-4726-a2d5-285bf3b3adfc','?',NULL,'2019-08-28 00:55:26'),('c991a4e5-22d8-4ea8-863f-c74d078d7e98','bb26a902-3936-4113-bd9f-3262952817ef','de41c5ba-b4a7-4d9b-8143-c4048d3f1931','a',NULL,'2019-10-19 16:30:59'),('c9e0e1db-994a-4060-9056-0b80f26015ab','5464a7ba-4417-4a21-895d-0902bf4f9343','de41c5ba-b4a7-4d9b-8143-c4048d3f1931','safasf',NULL,'2019-08-22 20:42:30'),('cbb0ef17-dfd5-4971-b309-26d3943f2d7c','5464a7ba-4417-4a21-895d-0902bf4f9343','c2813fcd-1f42-448c-84a3-733aed3ef800','sd',NULL,'2019-10-20 08:47:11'),('ccc458ba-5382-41f1-a67f-b70339db6fae','5464a7ba-4417-4a21-895d-0902bf4f9343','de41c5ba-b4a7-4d9b-8143-c4048d3f1931','asfasfasf',NULL,'2019-09-05 14:42:12'),('cd7e250d-94f9-4504-a8a3-174b2cf9ccb1','5464a7ba-4417-4a21-895d-0902bf4f9343','de41c5ba-b4a7-4d9b-8143-c4048d3f1931','ghjghjghj',NULL,'2019-10-20 09:12:30'),('cd9ee13f-16b3-4987-8b36-0d8056e8fafb','5464a7ba-4417-4a21-895d-0902bf4f9343','de41c5ba-b4a7-4d9b-8143-c4048d3f1931','ghjghjghj',NULL,'2019-10-20 09:12:19'),('cdc61ea7-ca2d-4799-8a42-cea66853d55a','5464a7ba-4417-4a21-895d-0902bf4f9343','d13f2902-0581-4b6f-8a25-a8e2e0ed201f','sdf',NULL,'2019-07-06 14:36:37'),('ce40448b-7f4d-442a-9d39-ced1469a261b','bb26a902-3936-4113-bd9f-3262952817ef','de41c5ba-b4a7-4d9b-8143-c4048d3f1931','d',NULL,'2019-10-19 17:13:57'),('ce687435-9f8b-4797-abaf-0d91e773d501','bb26a902-3936-4113-bd9f-3262952817ef','de41c5ba-b4a7-4d9b-8143-c4048d3f1931','3',NULL,'2019-10-19 16:39:15'),('cea9da82-ff12-44d0-bf1b-11c2ef7527fb','bb26a902-3936-4113-bd9f-3262952817ef','de41c5ba-b4a7-4d9b-8143-c4048d3f1931','dasfdsf',NULL,'2019-10-19 16:14:26'),('cefc10cc-4e24-47b6-9506-53a8539a062b','5464a7ba-4417-4a21-895d-0902bf4f9343','de41c5ba-b4a7-4d9b-8143-c4048d3f1931','dfgdfg',NULL,'2019-10-18 23:28:56'),('cf34a5f4-da8b-49ad-adf3-9f03502ddbdd','5464a7ba-4417-4a21-895d-0902bf4f9343','de41c5ba-b4a7-4d9b-8143-c4048d3f1931','dflkghdfkjlgh',NULL,'2019-09-05 15:26:22'),('d10e33d0-df2d-45eb-93aa-468157d7dc5e','5464a7ba-4417-4a21-895d-0902bf4f9343','2e98d4b8-8cf0-4726-a2d5-285bf3b3adfc','?',NULL,'2019-08-28 01:29:08'),('d12f1a7d-2a5a-4662-ad26-b928163984e5','5464a7ba-4417-4a21-895d-0902bf4f9343','d751dab2-456c-4cd8-838e-fc9b4fd22f31','dgh',NULL,'2019-10-18 23:28:44'),('d2ac46f8-c8a4-4fde-a9d8-a0754e19841f','5464a7ba-4417-4a21-895d-0902bf4f9343','c2813fcd-1f42-448c-84a3-733aed3ef800','da',NULL,'2019-10-20 08:47:07'),('d4018471-c843-4168-afdd-a29f9aa52fb2','5464a7ba-4417-4a21-895d-0902bf4f9343','d13f2902-0581-4b6f-8a25-a8e2e0ed201f','dfgdfg',NULL,'2019-09-05 13:28:38'),('d476523d-73c9-47d0-baf5-def168e557d0','5464a7ba-4417-4a21-895d-0902bf4f9343','c2813fcd-1f42-448c-84a3-733aed3ef800','f',NULL,'2019-10-20 08:47:09'),('d5bdfd11-11cf-460c-bb98-081e9a59b2aa','5464a7ba-4417-4a21-895d-0902bf4f9343','d751dab2-456c-4cd8-838e-fc9b4fd22f31','csxdgdsfg','100bed43-dffa-44ab-98db-675c6449c8fd','2019-10-21 19:12:09'),('d5dd7f96-b783-4c72-a14b-00988b72a174','5464a7ba-4417-4a21-895d-0902bf4f9343','c2813fcd-1f42-448c-84a3-733aed3ef800','sd',NULL,'2019-10-20 08:47:09'),('d653fd07-7ec8-4190-9ee4-910d16624402','5464a7ba-4417-4a21-895d-0902bf4f9343','d751dab2-456c-4cd8-838e-fc9b4fd22f31','gdf',NULL,'2019-10-13 22:00:16'),('d7583bcf-9e4d-4381-b7ce-c74ef22009de','5464a7ba-4417-4a21-895d-0902bf4f9343','d751dab2-456c-4cd8-838e-fc9b4fd22f31','hf',NULL,'2019-10-18 23:28:46'),('d8289cc5-1d89-43d5-a224-afc37f4b1f91','5464a7ba-4417-4a21-895d-0902bf4f9343','d751dab2-456c-4cd8-838e-fc9b4fd22f31','dg',NULL,'2019-10-13 22:00:20'),('d875962c-3923-44b3-84ee-3a09256d0e4a','5464a7ba-4417-4a21-895d-0902bf4f9343','d751dab2-456c-4cd8-838e-fc9b4fd22f31','fgh',NULL,'2019-10-18 23:28:47'),('d89f5649-1b5e-4edf-8c53-f0643b985727','5464a7ba-4417-4a21-895d-0902bf4f9343','d751dab2-456c-4cd8-838e-fc9b4fd22f31','gd',NULL,'2019-10-13 22:00:16'),('d9ea2a4b-cebc-4c33-909d-bd77682a7417','5464a7ba-4417-4a21-895d-0902bf4f9343','de41c5ba-b4a7-4d9b-8143-c4048d3f1931','fghghfghfghfgh',NULL,'2019-09-05 15:26:16'),('da203fc2-0493-4401-aa43-ee7a5b0d71aa','5464a7ba-4417-4a21-895d-0902bf4f9343','c2813fcd-1f42-448c-84a3-733aed3ef800','sd',NULL,'2019-10-20 08:47:08'),('dbfbb878-abc6-4495-945f-6745673cb83b','5464a7ba-4417-4a21-895d-0902bf4f9343','d13f2902-0581-4b6f-8a25-a8e2e0ed201f','asdxdasd',NULL,'2019-10-16 21:16:12'),('ddc675fc-9a82-4d68-87fa-85189ac390b2','5464a7ba-4417-4a21-895d-0902bf4f9343','de41c5ba-b4a7-4d9b-8143-c4048d3f1931','dfdfh',NULL,'2019-09-05 15:26:17'),('ddee6b89-0a88-4e37-bbd0-783d13ed298b','bb26a902-3936-4113-bd9f-3262952817ef','de41c5ba-b4a7-4d9b-8143-c4048d3f1931','23',NULL,'2019-10-19 16:40:56'),('dec2708b-5c8d-425d-926a-a8bc9bf5d279','5464a7ba-4417-4a21-895d-0902bf4f9343','d751dab2-456c-4cd8-838e-fc9b4fd22f31','gdf',NULL,'2019-10-13 22:00:16'),('df0ad596-d3b3-4712-a87d-b0482652eac1','5464a7ba-4417-4a21-895d-0902bf4f9343','2e98d4b8-8cf0-4726-a2d5-285bf3b3adfc','?',NULL,'2019-08-28 00:57:12'),('e0426e69-2193-4774-97fa-93ab484c0917','5464a7ba-4417-4a21-895d-0902bf4f9343','d13f2902-0581-4b6f-8a25-a8e2e0ed201f','gfg',NULL,'2019-09-05 13:28:37'),('e0d49994-ff69-490c-b5de-6814b16a9e82','bb26a902-3936-4113-bd9f-3262952817ef','de41c5ba-b4a7-4d9b-8143-c4048d3f1931','macOS support is Real',NULL,'2019-08-21 00:14:22'),('e1097f7b-0174-4d09-b79c-b86ef3a5f594','5464a7ba-4417-4a21-895d-0902bf4f9343','d13f2902-0581-4b6f-8a25-a8e2e0ed201f','s',NULL,'2019-07-06 14:36:35'),('e117d768-c63e-43cc-8ef3-24c733c59f25','5464a7ba-4417-4a21-895d-0902bf4f9343','de41c5ba-b4a7-4d9b-8143-c4048d3f1931','safs',NULL,'2019-08-22 20:42:31'),('e2c08539-a012-43df-969a-fffe798dd214','5464a7ba-4417-4a21-895d-0902bf4f9343','d13f2902-0581-4b6f-8a25-a8e2e0ed201f','sf',NULL,'2019-08-22 20:42:27'),('e369d2b9-a7ca-468c-80ac-13165b159471','5464a7ba-4417-4a21-895d-0902bf4f9343','d13f2902-0581-4b6f-8a25-a8e2e0ed201f','asddasdf',NULL,'2019-10-16 21:16:15'),('e3b47b46-1557-4fcf-9023-2d964beef1cd','5464a7ba-4417-4a21-895d-0902bf4f9343','d751dab2-456c-4cd8-838e-fc9b4fd22f31','Hello','5d6ca37d-6bdd-4d21-9f59-256200f8b7e3','2019-10-21 20:35:47'),('e4de0f2c-daca-4ceb-a822-c7f62bea8b77','5464a7ba-4417-4a21-895d-0902bf4f9343','d13f2902-0581-4b6f-8a25-a8e2e0ed201f','sdfsdf',NULL,'2019-10-16 21:16:10'),('e501bd63-3544-4252-859a-4650d655ceb8','5464a7ba-4417-4a21-895d-0902bf4f9343','d751dab2-456c-4cd8-838e-fc9b4fd22f31','dfghdfhdfh','d9a48bbc-ebf0-403e-872f-781102aee1e6','2019-10-21 12:46:10'),('e560d811-93c5-4bf1-8fbc-dbf2c56e7674','5464a7ba-4417-4a21-895d-0902bf4f9343','d13f2902-0581-4b6f-8a25-a8e2e0ed201f','sd',NULL,'2019-10-16 21:16:09'),('e6267018-9e3c-4ce1-8deb-6f436886bf99','5464a7ba-4417-4a21-895d-0902bf4f9343','c2813fcd-1f42-448c-84a3-733aed3ef800','f',NULL,'2019-10-20 08:47:10'),('e67a73f2-34e9-4e0d-bf85-a18fd01be93d','bb26a902-3936-4113-bd9f-3262952817ef','de41c5ba-b4a7-4d9b-8143-c4048d3f1931','asfasf',NULL,'2019-09-07 11:58:53'),('e67b529d-f084-4f9b-aaf4-652aa704b0c6','5464a7ba-4417-4a21-895d-0902bf4f9343','de41c5ba-b4a7-4d9b-8143-c4048d3f1931','sdcgsddsf',NULL,'2019-10-19 16:14:04'),('e7270a5a-e4d4-49f1-b25a-f19efcefc5d6','5464a7ba-4417-4a21-895d-0902bf4f9343','de41c5ba-b4a7-4d9b-8143-c4048d3f1931','dfg',NULL,'2019-10-18 23:28:55'),('e80df7d4-320a-48eb-9225-8e327fcd4905','5464a7ba-4417-4a21-895d-0902bf4f9343','d751dab2-456c-4cd8-838e-fc9b4fd22f31','dfsgdfg','ac368b09-6f1e-4262-955f-2e4a393b8daa','2019-10-21 19:26:24'),('e8b6f722-8068-45d6-b9a7-5dadb51abec4','5464a7ba-4417-4a21-895d-0902bf4f9343','de41c5ba-b4a7-4d9b-8143-c4048d3f1931','asfas',NULL,'2019-09-05 14:42:14'),('e9444714-f76d-41fd-8d36-be657e079751','5464a7ba-4417-4a21-895d-0902bf4f9343','d13f2902-0581-4b6f-8a25-a8e2e0ed201f','dfg',NULL,'2019-09-05 13:28:39'),('e9cb2b83-d4ae-44bb-a511-429f8e0e5088','5464a7ba-4417-4a21-895d-0902bf4f9343','c2813fcd-1f42-448c-84a3-733aed3ef800','fsd',NULL,'2019-10-20 08:47:08'),('ea8b5ffe-e110-463e-92ae-3da51a362dcc','5464a7ba-4417-4a21-895d-0902bf4f9343','de41c5ba-b4a7-4d9b-8143-c4048d3f1931','sfa',NULL,'2019-08-22 20:42:31'),('eb288e8b-e5c6-420c-9ce2-052b360161cd','5464a7ba-4417-4a21-895d-0902bf4f9343','de41c5ba-b4a7-4d9b-8143-c4048d3f1931','ghjghjghj',NULL,'2019-10-20 09:12:20'),('ec5a986f-87a4-4995-85ef-ad44227e8af2','bb26a902-3936-4113-bd9f-3262952817ef','de41c5ba-b4a7-4d9b-8143-c4048d3f1931','4',NULL,'2019-10-19 16:39:16'),('ec780d98-f03b-444a-8319-4a75ab3644a7','bb26a902-3936-4113-bd9f-3262952817ef','de41c5ba-b4a7-4d9b-8143-c4048d3f1931','sdgsdgsdgssdgsdgsdgs',NULL,'2019-09-05 15:22:51'),('ec7fe834-53a4-4cdc-bcd2-6584b0aad775','5464a7ba-4417-4a21-895d-0902bf4f9343','adb74822-a827-4612-91e2-96009b13b30d','d',NULL,'2019-10-19 17:19:01'),('ecb67e8f-60fb-4a4e-972f-a6b41cfd1090','5464a7ba-4417-4a21-895d-0902bf4f9343','de41c5ba-b4a7-4d9b-8143-c4048d3f1931','af',NULL,'2019-08-28 12:17:45'),('ed137400-c368-4cea-840f-e3bfd68502d6','5464a7ba-4417-4a21-895d-0902bf4f9343','2e98d4b8-8cf0-4726-a2d5-285bf3b3adfc','?',NULL,'2019-08-28 01:31:45'),('edadfcbe-1faa-4347-afa6-fc342aea7ede','5464a7ba-4417-4a21-895d-0902bf4f9343','e9a584c5-eb80-4138-87dd-7f019203d401','Its working',NULL,'2019-10-20 09:11:46'),('ee2465dd-eeb0-4cf9-b33e-eaec0f3d85a4','5464a7ba-4417-4a21-895d-0902bf4f9343','d751dab2-456c-4cd8-838e-fc9b4fd22f31','fg',NULL,'2019-10-13 22:00:18'),('ee691635-fc20-4f32-937f-69fb65621a5a','5464a7ba-4417-4a21-895d-0902bf4f9343','de41c5ba-b4a7-4d9b-8143-c4048d3f1931','dfsdf',NULL,'2019-09-05 14:17:42'),('ee7e8e2a-0e1e-49e7-8dbf-c13c6522ee97','5464a7ba-4417-4a21-895d-0902bf4f9343','d13f2902-0581-4b6f-8a25-a8e2e0ed201f','dfgdfg',NULL,'2019-10-16 21:16:17'),('eefaf78b-dae0-4a71-839c-c0c36304c083','bb26a902-3936-4113-bd9f-3262952817ef','de41c5ba-b4a7-4d9b-8143-c4048d3f1931','sima',NULL,'2019-08-21 00:14:37'),('efac2611-9ab1-49a4-aef4-0e39bbe36e78','5464a7ba-4417-4a21-895d-0902bf4f9343','de41c5ba-b4a7-4d9b-8143-c4048d3f1931','asd',NULL,'2019-08-28 12:17:46'),('f0412a33-fe49-41ee-bb25-5c32e6094ae2','5464a7ba-4417-4a21-895d-0902bf4f9343','d13f2902-0581-4b6f-8a25-a8e2e0ed201f','f',NULL,'2019-07-06 14:36:37'),('f0a7d402-94ab-4d39-8102-ae684dc2b054','5464a7ba-4417-4a21-895d-0902bf4f9343','d13f2902-0581-4b6f-8a25-a8e2e0ed201f','s',NULL,'2019-07-06 14:36:34'),('f0c99ec7-cd84-45ce-a6df-2621855ca9a1','5464a7ba-4417-4a21-895d-0902bf4f9343','d13f2902-0581-4b6f-8a25-a8e2e0ed201f','sddf',NULL,'2019-08-22 20:42:27'),('f192e503-ecc2-4e67-a752-a7a1eadecc89','5464a7ba-4417-4a21-895d-0902bf4f9343','2e98d4b8-8cf0-4726-a2d5-285bf3b3adfc','?',NULL,'2019-08-28 10:37:27'),('f1d50c35-38fe-4302-a0b6-f22fbd6ab016','5464a7ba-4417-4a21-895d-0902bf4f9343','d751dab2-456c-4cd8-838e-fc9b4fd22f31','gdf',NULL,'2019-10-14 23:19:11'),('f28aae18-2782-4f7c-9c0e-4a7ac39465b9','5464a7ba-4417-4a21-895d-0902bf4f9343','c2813fcd-1f42-448c-84a3-733aed3ef800','sdf',NULL,'2019-10-20 08:47:10'),('f2e4b17c-dbc7-430a-8944-b94a0b9075b6','5464a7ba-4417-4a21-895d-0902bf4f9343','d751dab2-456c-4cd8-838e-fc9b4fd22f31','fghfghfg',NULL,'2019-10-18 23:28:46'),('f38b4dc4-fde4-4c64-a95e-3dd1c63cbe6d','5464a7ba-4417-4a21-895d-0902bf4f9343','d751dab2-456c-4cd8-838e-fc9b4fd22f31','gfdgd',NULL,'2019-10-14 23:19:14'),('f4becef9-732c-449b-be7c-92d0053d38f7','5464a7ba-4417-4a21-895d-0902bf4f9343','de41c5ba-b4a7-4d9b-8143-c4048d3f1931','jhhj',NULL,'2019-10-20 08:17:10'),('f4dbbd5d-228a-41f5-b620-199e375fce7c','bb26a902-3936-4113-bd9f-3262952817ef','de41c5ba-b4a7-4d9b-8143-c4048d3f1931','2',NULL,'2019-10-19 16:40:56'),('f56bc243-cb00-4da7-9466-7c3d365f138c','5464a7ba-4417-4a21-895d-0902bf4f9343','c2813fcd-1f42-448c-84a3-733aed3ef800','af',NULL,'2019-10-20 08:47:08'),('f59523e4-db53-42f6-a719-acc19f2e6d12','bb26a902-3936-4113-bd9f-3262952817ef','de41c5ba-b4a7-4d9b-8143-c4048d3f1931','d',NULL,'2019-10-20 08:04:48'),('f603c6c2-b423-4fd0-8195-d2e298e01f04','5464a7ba-4417-4a21-895d-0902bf4f9343','d13f2902-0581-4b6f-8a25-a8e2e0ed201f','sdfsdf',NULL,'2019-10-20 11:55:12'),('f6140299-00bf-416b-9cc9-f626b5b5a1d5','5464a7ba-4417-4a21-895d-0902bf4f9343','d751dab2-456c-4cd8-838e-fc9b4fd22f31','dfg',NULL,'2019-10-13 22:00:19'),('f679255d-a0f1-49ea-ae76-e33ba4c68227','5464a7ba-4417-4a21-895d-0902bf4f9343','d13f2902-0581-4b6f-8a25-a8e2e0ed201f','asdasdas',NULL,'2019-10-16 21:16:16'),('f6c42e62-6eb5-413c-a254-482b17bbe006','bb26a902-3936-4113-bd9f-3262952817ef','de41c5ba-b4a7-4d9b-8143-c4048d3f1931','d',NULL,'2019-10-20 08:04:52'),('f7bd9e15-ec7e-4708-bc50-8228df3ae28b','5464a7ba-4417-4a21-895d-0902bf4f9343','d13f2902-0581-4b6f-8a25-a8e2e0ed201f','sdf',NULL,'2019-07-06 14:36:37'),('f7ffb118-8a1f-40b4-b9e6-004047ce8bfc','5464a7ba-4417-4a21-895d-0902bf4f9343','c2813fcd-1f42-448c-84a3-733aed3ef800','fsd',NULL,'2019-10-20 08:47:10'),('f8d99849-bd94-4d27-8d3c-4ac6ccf404fc','5464a7ba-4417-4a21-895d-0902bf4f9343','d751dab2-456c-4cd8-838e-fc9b4fd22f31','cvghdfggh',NULL,'2019-10-13 22:00:16'),('f90a559d-b85c-4dd4-81b0-c39d4f6f508c','5464a7ba-4417-4a21-895d-0902bf4f9343','de41c5ba-b4a7-4d9b-8143-c4048d3f1931','sdcgsddsfsdfs',NULL,'2019-10-19 16:14:05'),('fa648c21-d273-46f0-b2dc-14201f678191','5464a7ba-4417-4a21-895d-0902bf4f9343','de41c5ba-b4a7-4d9b-8143-c4048d3f1931','af',NULL,'2019-08-22 20:42:30'),('fb055d83-4080-4562-ba06-2e9ff437010c','5464a7ba-4417-4a21-895d-0902bf4f9343','de41c5ba-b4a7-4d9b-8143-c4048d3f1931','gfj',NULL,'2019-10-14 23:19:49'),('fbbf5d02-c90f-4926-b0a7-aa1ba4ffbe78','7d612d87-e2e9-4734-b6b2-b410b47d7995','f1e5304d-cadf-4858-bb80-5971e2f0104e','? ? ? ? ? ? ? ? ? ? ? ? ? ? ? ? ? ?  ? ? ? ? ? ? ? ? ? ? ? ? ? ? ? ? ? ? ? ? ? ? ? ? ? ? ? ? ? ?  ? ? ? ? ? ? ? ? ? ? ? ? ? ? ? ? ? ? ? ? ? ? ? ? ? ? ? ? ? ? ? ? ? ? ? ? ? ? ? ? ? ? ? ? ? ? ? ? ? ? ? ? ? ? ? ? ? ?\n\nPeople and Fantasy\n? ? ? ? ? ? ? ? ? ? ? ? ? ? ? ? ? ?? ?? ?? ?? ?? ?? ?? ?? ? ? ? ? ? ? ? ? ? ? ? ? ? ? ?? ?? ?? ?? ?? ?? ?? ?? ?? ?? ?? ?? ?? ?? ?? ?? ?? ?? ?? ?? ?? ?? ?? ?? ? ? ?? ?? ? ? ? ? ? ? ? ? ? ? ? ? ? ? ? ? ? ? ? ? ? ? ? ? ? ? ? ? ? ? ? ? ? ? ? ? ? ? ? ? ? ? ? ? ? ? ? ? ? ? ? ? ? ? ? ? ? ? ? ? ? ? ? ? ?? ?? ? ??? ??? ? ??? ???? ???? ???? ??? ??? ???? ???? ???? ??? ??? ???? ???? ???? ?? ?? ??? ??? ??? ?? ?? ??? ??? ??? ? ? ? ? ? ? ? ?  ? ? ?  ? ? ? ? ? ? ?   ? ? ? ? ? ? ? ? ?  ? ? ? ? ? ? ? ? ? ? ? ? ? ? ? ? ?\n\nClothing and Accessories\n? ? ? ? ? ? ? ? ? ? ? ? ? ? ? ? ? ? ? ? ? ?  ? ? ? ? ? ? ? ? ? ? ? ? ?\n\nPale Emojis\n?? ?? ?? ?? ?? ?? ?? ?? ?? ?? ?? ?? ?? ?? ?? ?? ?? ?? ?? ?? ?? ?? ??? ??? ??? ??? ??? ??? ??? ??? ??? ??? ??? ??? ??? ??? ??? ??? ??? ??? ??? ??? ??? ??? ??? ??? ?? ?? ??? ??? ?? ?? ?? ?? ?? ?? ?? ?? ?? ?? ?? ?? ?? ?? ?? ?? ?? ?? ?? ?? ?? ?? ?? ?? ?? ?? ?? ?? ?? ?? ?? ?? ?? ?? ?? ?? ?? ?? ?? ?? ?? ?? ?? ?? ?? ?? ?? ? ?? ?? ?? ? ?? ?? ?? ?? ?? ?? ?? ? ? ?? ?? ?? ?? ?? ?? ?? ? ?? ?? ?? ??\n\nCream White Emojis\n?? ?? ?? ?? ?? ?? ?? ?? ?? ?? ?? ?? ?? ?? ?? ?? ?? ?? ?? ?? ?? ?? ??? ??? ??? ??? ??? ??? ??? ??? ??? ??? ??? ??? ??? ??? ??? ??? ??? ??? ??? ??? ??? ??? ??? ??? ?? ?? ??? ??? ?? ?? ?? ?? ?? ?? ?? ?? ?? ?? ?? ?? ?? ?? ?? ?? ?? ?? ?? ?? ?? ?? ?? ?? ?? ?? ?? ?? ?? ?? ?? ?? ?? ?? ?? ?? ?? ?? ?? ?? ?? ?? ?? ?? ?? ?? ?? ? ?? ?? ?? ? ?? ?? ?? ?? ?? ?? ?? ? ? ?? ?? ?? ?? ?? ?? ?? ? ?? ?? ?? ??\n\nModerate Brown Emojis\n?? ?? ?? ?? ?? ?? ?? ?? ?? ?? ?? ?? ?? ?? ?? ?? ?? ?? ?? ?? ?? ?? ??? ??? ??? ??? ??? ??? ??? ??? ??? ??? ??? ??? ??? ??? ??? ??? ??? ??? ??? ??? ??? ??? ??? ??? ?? ?? ??? ??? ?? ?? ?? ?? ?? ?? ?? ?? ?? ?? ?? ?? ?? ?? ?? ?? ?? ?? ?? ?? ?? ?? ?? ?? ?? ?? ?? ?? ?? ?? ?? ?? ?? ?? ?? ?? ?? ?? ?? ?? ?? ?? ?? ?? ?? ?? ?? ? ?? ?? ?? ? ?? ?? ?? ?? ?? ?? ?? ? ? ?? ?? ?? ?? ?? ?? ?? ? ?? ?? ?? ??\n\nDark Brown Emojis\n?? ?? ?? ?? ?? ?? ?? ?? ?? ?? ?? ?? ?? ?? ?? ?? ?? ?? ?? ?? ?? ?? ??? ??? ??? ??? ??? ??? ??? ??? ??? ??? ??? ??? ??? ??? ??? ??? ??? ??? ??? ??? ??? ??? ??? ??? ?? ?? ??? ??? ?? ?? ?? ?? ?? ?? ?? ?? ?? ?? ?? ?? ?? ?? ?? ?? ?? ?? ?? ?? ?? ?? ?? ?? ?? ?? ?? ?? ?? ?? ?? ?? ?? ?? ?? ?? ?? ?? ?? ?? ?? ?? ?? ?? ?? ?? ?? ? ?? ?? ?? ? ?? ?? ?? ?? ?? ?? ?? ? ? ?? ?? ?? ?? ?? ?? ?? ? ?? ?? ?? ??\n\nBlack Emojis\n?? ?? ?? ?? ?? ?? ?? ?? ?? ?? ?? ?? ?? ?? ?? ?? ?? ?? ?? ?? ?? ?? ??? ??? ??? ??? ??? ??? ??? ??? ??? ??? ??? ??? ??? ??? ??? ??? ??? ??? ??? ??? ??? ??? ??? ??? ?? ?? ??? ??? ?? ?? ?? ?? ?? ?? ?? ?? ?? ?? ?? ?? ?? ?? ?? ?? ?? ?? ?? ?? ?? ?? ?? ?? ?? ?? ?? ?? ?? ?? ?? ?? ?? ?? ?? ?? ?? ?? ?? ?? ?? ?? ?? ?? ?? ?? ?? ? ?? ?? ?? ? ?? ?? ?? ?? ?? ?? ?? ? ? ?? ?? ?? ?? ?? ?? ?? ? ?? ?? ?? ??\n\nAnimals & Nature\nFind emojis by name or description\n? ? ? ? ? ? ? ? ? ? ? ? ? ? ? ? ? ? ? ? ? ? ? ? ? ? ? ? ? ? ? ? ? ? ? ? ? ? ? ? ? ? ? ? ? ? ? ? ? ? ? ? ? ? ? ? ? ? ? ? ? ? ? ? ? ? ? ? ? ? ? ? ? ? ? ? ? ? ? ? ? ? ? ? ? ? ? ? ? ? ? ? ? ? ? ? ? ? ? ? ? ? ? ? ? ? ? ? ? ? ?  ? ? ? ? ? ? ? ? ? ? ? ? ? ? ? ? ? ? ? ? ? ? ? ? ? ? ? ? ? ? ? ? ? ?  ?    ? ? ? ?  ?  ?  ? ?  ? ?    ? ? ? ?   ? ?\n\nFood & Drink\nFind emojis by name or description\n? ? ? ? ? ? ? ? ? ? ? ? ? ? ? ? ? ? ? ? ? ? ? ? ? ? ? ? ? ? ? ? ? ? ? ? ? ? ? ? ? ? ? ? ? ? ? ? ? ? ? ? ? ? ? ? ? ? ? ? ? ? ? ? ? ? ? ? ? ? ? ? ? ? ? ? ? ? ? ? ? ? ? ? ? ?  ? ? ? ? ? ? ? ? ? ? ? ? ? ? ? ? ?\n\nActivity and Sports\nFind emojis by name or description\n ? ?  ? ? ? ? ? ? ? ? ? ? ? ? ?  ? ? ? ? ?  ? ? ? ?  ? ? ?? ?? ?? ?? ?? ? ?? ?? ?? ?? ?? ? ? ? ?? ?? ?? ?? ?? ? ?? ?? ?? ?? ??  ? ? ? ? ?  ? ? ? ? ? ? ? ?? ?? ?? ?? ?? ? ?? ?? ?? ?? ?? ? ?? ?? ?? ?? ?? ? ?? ?? ?? ?? ?? ? ?? ?? ?? ?? ?? ? ?? ?? ?? ?? ?? ? ?? ?? ?? ?? ?? ? ?? ?? ?? ?? ?? ? ?? ?? ?? ?? ?? ? ?? ?? ?? ?? ?? ? ?? ?? ?? ?? ?? ? ?? ?? ?? ?? ?? ? ?? ?? ?? ?? ?? ? ?? ?? ?? ?? ?? ? ?? ?? ?? ?? ?? ? ?? ?? ?? ?? ?? ? ?? ?? ?? ?? ?? ? ?? ?? ?? ?? ?? ? ?? ?? ?? ?? ?? ? ?? ?? ?? ?? ?? ? ?? ?? ?? ?? ?? ? ? ? ? ? ? ? ? ? ? ? ? ?? ?? ?? ?? ?? ? ?? ?? ?? ?? ?? ? ? ? ? ? ? ? ? ? ? ? ? ? ?  ? ? ? ?\n\nTravel & Places\nFind emojis by name or description\n? ? ? ? ? ? ? ? ? ? ? ? ? ? ? ? ? ? ? ? ? ? ? ? ? ? ? ? ? ? ? ? ? ? ? ? ?  ? ? ? ? ? ? ? ? ?  ? ? ?  ?   ? ? ? ? ? ? ? ? ? ? ? ? ? ?   ? ? ? ?  ? ? ?  ? ? ? ? ? ? ? ? ? ? ? ? ? ? ? ? ? ?  ? ? ?  ? ? ? ? ? ? ? ? ? ? ? ? ? ? ? ? ?\n\nObjects\nFind emojis by name or description\n? Try Audible today to get ?? two free Audiobooks of your choice.\n\n ? ? ?  ? ? ? ? ? ? ? ? ? ? ? ? ? ? ? ? ? ?  ? ? ? ? ? ? ?    ?   ? ? ? ? ? ? ? ? ? ? ? ? ? ? ? ? ?  ? ?  ?  ?   ? ? ? ?  ? ?   ? ? ? ? ? ? ? ?  ? ? ? ? ? ? ? ? ? ? ? ? ? ? ? ? ? ?? ?? ?? ?? ?? ? ? ? ? ? ? ? ? ? ? ? ? ? ? ? ? ? ? ? ? ? ? ? ? ? ? ? ? ? ? ?  ? ? ? ? ? ? ? ? ? ? ? ? ? ? ? ? ? ? ? ? ? ? ? ? ? ? ? ? ? ? ? ? ? ? ? ? ? ? ? ? ? ? ? ? ? ? ? ? ? ? ? ?  ? ?  ? ? ?  ? ? ? ? ? ?\n\nSymbols\nFind emojis by name or description\n ? ? ? ? ? ? ?  ? ? ? ? ? ? ? ?    ?   ? ?   ?              ?  ?   ? ? ? ? ? ? ?  ? ? ?   ? ? ? ? ? ? ? ? ? ?   ?  ? ? ? ?  ? ? ? ? ? ? ?       ? ?   ? ?  ?   ? ?    ? ?  ? ? ? ?  ? ? ? ? ? ? ? ? ? ? ? ? ? ? ? ?  ? ? ? ? ? ? ? ? ? 0 1 2 3 4 5 6 7 8 9 ? ? # *              ? ?               ? ? ? ? ? ? ?      ? ?       ? ? ? ? ?   ?   ? ? ? ? ? ? ? ? ? ?         ? ? ? ? ? ? ? ? ?? ? ? ?     ? ? ? ? ? ? ? ? ? ? ? ? ? ? ? ? ? ? ? ? ? ? ? ? ? ? ?\n\nFlags\nFind emojis by name or description\nAll flag emojis for every country.\n\n? ? ? ? ?? ? ?? ?? ?? ?? ?? ?? ?? ?? ?? ?? ?? ?? ?? ?? ?? ?? ?? ?? ?? ?? ?? ?? ?? ?? ?? ?? ?? ?? ?? ?? ?? ?? ?? ?? ?? ?? ?? ?? ?? ?? ?? ?? ?? ?? ?? ?? ?? ?? ?? ?? ?? ?? ?? ?? ?? ?? ?? ?? ?? ?? ?? ?? ?? ?? ?? ?? ?? ?? ?? ?? ?? ?? ?? ?? ?? ?? ?? ?? ?? ?? ?? ?? ?? ?? ?? ?? ?? ?? ?? ?? ?? ?? ?? ?? ?? ?? ?? ?? ?? ?? ?? ?? ?? ?? ?? ?? ?? ?? ?? ?? ?? ?? ? ?? ?? ?? ?? ?? ?? ?? ?? ?? ?? ?? ?? ?? ?? ?? ?? ?? ?? ?? ?? ?? ?? ?? ?? ?? ?? ?? ?? ?? ?? ?? ?? ?? ?? ?? ?? ?? ?? ?? ?? ?? ?? ?? ?? ?? ?? ?? ?? ?? ?? ?? ?? ?? ?? ?? ?? ?? ?? ?? ?? ?? ?? ?? ?? ?? ?? ?? ?? ?? ?? ?? ?? ?? ?? ?? ?? ?? ?? ?? ?? ?? ?? ?? ?? ?? ?? ?? ?? ?? ?? ?? ?? ?? ?? ?? ?? ?? ?? ?? ?? ?? ?? ?? ?? ?? ?? ?? ?? ?? ?? ?? ?? ?? ?? ?? ?? ?? ?? ?? ?? ?? ?? ??????? ??????? ??????? ?? ?? ?? ?? ?? ?? ?? ?? ?? ?? ?? ?? ??\n\n?? People  ?? Animals  ?? Food  ? Activities  ?? Travel  ?? Objects  ?? Symbols  ??? Flags\n\nNew Emojis\nFind emojis by name or description\nEmojis from Emoji 11.0: New in 2018.\n\n? ? ? ? ? ? ?? ?? ?? ?? ?? ?? ?? ?? ? ? ? ? ? ? ? ? ? ? ? ? ? ? ? ? ? ? ? ? ? ? ? ? ? ? ? ? ? ? ? ? ? ? ? ? ? ? ? ? ? ? ?  ? ? ? ? ? ? ? ? ? ? ? ? ? ? ? ? ?  ?',NULL,'2019-07-06 20:38:04'),('fe5d60ac-1478-4e33-a93b-1238e7f4c3b2','5464a7ba-4417-4a21-895d-0902bf4f9343','c2813fcd-1f42-448c-84a3-733aed3ef800','fsd',NULL,'2019-10-20 08:47:09'),('fe8b303e-4da6-4532-8a5a-5edb52bddecd','5464a7ba-4417-4a21-895d-0902bf4f9343','de41c5ba-b4a7-4d9b-8143-c4048d3f1931','fd',NULL,'2019-09-05 15:26:12'),('fef3f62e-bece-45f7-abd4-910d346ad401','5464a7ba-4417-4a21-895d-0902bf4f9343','adb74822-a827-4612-91e2-96009b13b30d','d',NULL,'2019-10-19 17:18:25'),('ff560e58-dcf3-441d-8514-5b4919c1903b','5464a7ba-4417-4a21-895d-0902bf4f9343','e9a584c5-eb80-4138-87dd-7f019203d401','Hello',NULL,'2019-10-20 09:11:44'),('ffd40745-bdf5-47a2-9b11-2ba22e8b0ee9','5464a7ba-4417-4a21-895d-0902bf4f9343','d13f2902-0581-4b6f-8a25-a8e2e0ed201f','s',NULL,'2019-07-06 14:36:36');
/*!40000 ALTER TABLE `messages` ENABLE KEYS */;
UNLOCK TABLES;

--
-- Temporary view structure for view `profiles`
--

DROP TABLE IF EXISTS `profiles`;
/*!50001 DROP VIEW IF EXISTS `profiles`*/;
SET @saved_cs_client     = @@character_set_client;
SET character_set_client = utf8mb4;
/*!50001 CREATE VIEW `profiles` AS SELECT 
 1 AS `id`,
 1 AS `nickname`,
 1 AS `tag`,
 1 AS `photo_id`*/;
SET character_set_client = @saved_cs_client;

--
-- Table structure for table `sessions`
--

DROP TABLE IF EXISTS `sessions`;
/*!40101 SET @saved_cs_client     = @@character_set_client */;
 SET character_set_client = utf8mb4 ;
CREATE TABLE `sessions` (
  `session_id` varchar(36) NOT NULL,
  `user_id` varchar(36) NOT NULL,
  `created_at` timestamp NOT NULL DEFAULT CURRENT_TIMESTAMP,
  PRIMARY KEY (`session_id`,`user_id`),
  UNIQUE KEY `session_id_UNIQUE` (`session_id`),
  KEY `user_id_fk_idx` (`user_id`),
  CONSTRAINT `sessions_user_id_fk` FOREIGN KEY (`user_id`) REFERENCES `users` (`id`) ON DELETE CASCADE ON UPDATE RESTRICT
) ENGINE=InnoDB DEFAULT CHARSET=utf8mb4 COLLATE=utf8mb4_0900_ai_ci;
/*!40101 SET character_set_client = @saved_cs_client */;

--
-- Dumping data for table `sessions`
--

LOCK TABLES `sessions` WRITE;
/*!40000 ALTER TABLE `sessions` DISABLE KEYS */;
INSERT INTO `sessions` VALUES ('030733ac-a4eb-449a-9ac3-d348379f4bde','7d612d87-e2e9-4734-b6b2-b410b47d7995','2019-07-06 20:11:12'),('04021d80-5b0b-4ab6-8f18-1fb7efcb665a','bb26a902-3936-4113-bd9f-3262952817ef','2019-10-21 18:44:38'),('06dc9a75-6f07-43cf-b3ee-c82c47951530','ea7dfe2e-acb9-4f01-93e5-413c24157e10','2019-10-19 17:17:58'),('099be654-cf00-4e1b-aa0b-866dcddfd056','900107fd-8205-4288-af9d-41d8a0596748','2019-10-18 23:13:54'),('0b7e250d-8c0f-4f59-8327-7c6c0ad5e007','bb26a902-3936-4113-bd9f-3262952817ef','2019-10-21 18:42:36'),('18e33407-920a-47d5-9242-98c6b187048d','7d612d87-e2e9-4734-b6b2-b410b47d7995','2019-07-06 20:40:55'),('2dab8084-540f-4530-ad21-2094c1edc3a0','7d612d87-e2e9-4734-b6b2-b410b47d7995','2019-07-06 19:15:14'),('30569f52-d5cc-4c41-9ba0-8462fa0157c6','900107fd-8205-4288-af9d-41d8a0596748','2019-10-18 23:09:53'),('31e7bddc-f50d-4c73-a53f-54f934cbed2c','ea7dfe2e-acb9-4f01-93e5-413c24157e10','2019-10-19 17:15:06'),('345a2846-0250-4885-9098-5b92e56b4fc0','5464a7ba-4417-4a21-895d-0902bf4f9343','2019-10-21 23:09:04'),('3878d864-a75f-4010-9bcb-8b33aa5a4f6f','7d612d87-e2e9-4734-b6b2-b410b47d7995','2019-07-06 20:06:09'),('49e76f6a-5810-4b14-9afa-1f243246cd22','a267ebf7-81da-4863-b6c5-5fd40efff636','2019-08-22 21:13:41'),('57b38fa3-bf0a-4c16-9f15-67b691adf8a9','900107fd-8205-4288-af9d-41d8a0596748','2019-08-28 12:37:13'),('580aca47-4b23-49fb-b264-308ac6d6e387','7d612d87-e2e9-4734-b6b2-b410b47d7995','2019-07-06 19:18:17'),('6532ab08-ff14-479d-9678-1045fb73b7ab','7d612d87-e2e9-4734-b6b2-b410b47d7995','2019-07-06 19:11:17'),('76ba7b02-7688-4186-903a-c141c2c65132','7d612d87-e2e9-4734-b6b2-b410b47d7995','2019-07-06 20:43:35'),('794d0609-4d88-4c4f-9d14-b2891f73a3a4','7d612d87-e2e9-4734-b6b2-b410b47d7995','2019-07-06 21:06:41'),('859ac51e-6f81-4252-9836-5f87c0dd0ff3','7d612d87-e2e9-4734-b6b2-b410b47d7995','2019-07-06 21:03:05'),('89a74eca-a111-4e66-bc0b-327f03f3ef21','7d612d87-e2e9-4734-b6b2-b410b47d7995','2019-07-06 20:37:15'),('914d1862-72c1-42fb-afaa-b95cd0f608a7','900107fd-8205-4288-af9d-41d8a0596748','2019-10-18 22:46:31'),('985f64e9-7592-4368-bbed-f0a18cf68cda','7d612d87-e2e9-4734-b6b2-b410b47d7995','2019-07-06 20:08:59'),('a36160d6-53bc-4edd-a731-ce097d45d76d','7d612d87-e2e9-4734-b6b2-b410b47d7995','2019-07-06 20:07:05'),('adaf03c2-c410-4770-84ca-e28900949cb6','a88814cb-961e-438a-b14e-53f6bc549e32','2019-08-22 21:16:19'),('c50eb6c5-de37-402a-a5cf-58b6626ef28f','7d612d87-e2e9-4734-b6b2-b410b47d7995','2019-07-06 20:55:09'),('cc9fc69d-e159-43b2-a1aa-83a93f269ffb','900107fd-8205-4288-af9d-41d8a0596748','2019-10-18 22:42:16'),('d0caa9c0-bafb-4ec4-9bdf-5c0675e50150','7d612d87-e2e9-4734-b6b2-b410b47d7995','2019-07-06 19:33:58'),('db8ced36-0bbe-40a7-aa10-d85ca0db7775','7d612d87-e2e9-4734-b6b2-b410b47d7995','2019-07-06 19:19:26'),('dd00bfb0-1301-44f1-b438-e82cc2debe24','900107fd-8205-4288-af9d-41d8a0596748','2019-10-21 23:05:14'),('e22b45a3-1f56-49a1-a966-1b408f5f7f56','7d612d87-e2e9-4734-b6b2-b410b47d7995','2019-07-06 20:49:10'),('e4bdaa67-ab31-48d3-96b3-9603c01853a3','7d612d87-e2e9-4734-b6b2-b410b47d7995','2019-07-06 19:39:59'),('ec360497-cf06-4786-a052-bb320f27d4c0','7d612d87-e2e9-4734-b6b2-b410b47d7995','2019-07-06 19:37:50'),('efcb265b-1aec-4bf9-bcbb-960a1cf0e62e','7d612d87-e2e9-4734-b6b2-b410b47d7995','2019-07-06 19:32:47');
/*!40000 ALTER TABLE `sessions` ENABLE KEYS */;
UNLOCK TABLES;

--
-- Table structure for table `users`
--

DROP TABLE IF EXISTS `users`;
/*!40101 SET @saved_cs_client     = @@character_set_client */;
 SET character_set_client = utf8mb4 ;
CREATE TABLE `users` (
  `id` varchar(36) NOT NULL,
  `username` varchar(50) NOT NULL,
  `password` varchar(120) NOT NULL,
  `email` varchar(254) NOT NULL,
  `nickname` varchar(50) NOT NULL,
  `tag` int(11) NOT NULL,
  `photo_id` varchar(36) DEFAULT NULL,
  PRIMARY KEY (`id`),
  UNIQUE KEY `username_UNIQUE` (`username`),
  UNIQUE KEY `email_UNIQUE` (`email`),
  UNIQUE KEY `id_UNIQUE` (`id`),
  KEY `users_photo_id_fk_idx` (`photo_id`),
  CONSTRAINT `users_photo_id_fk` FOREIGN KEY (`photo_id`) REFERENCES `files` (`id`) ON DELETE SET NULL
) ENGINE=InnoDB DEFAULT CHARSET=utf8mb4 COLLATE=utf8mb4_0900_ai_ci;
/*!40101 SET character_set_client = @saved_cs_client */;

--
-- Dumping data for table `users`
--

LOCK TABLES `users` WRITE;
/*!40000 ALTER TABLE `users` DISABLE KEYS */;
INSERT INTO `users` VALUES ('0739e80c-b634-4f9e-a54f-5ee75d441a96','almogh43','15e2b0d3c33891ebb0f1ef609ec419420c20e320ce94c65fbc8c3312448eb225','P5DH15NS8N@gmail.com','sdsd',8467,NULL),('14b69ea0-2f58-4849-bc9e-27878f35ce71','djskd','a665a45920422f9d417e4867efdc4fb8a04a1f3fff1fa07e998e86f7f7a27ae3','kjdklasjd@fgkdj.com','djskd',255,NULL),('20734f93-c8d3-48a8-a6a6-e554a42395d8','almogh37','aa2df71c706f0eb10a78087be19cab6eaa1becc6a34808730f76a3ece884d247','almogh212@gmail.com','Atomiqu',4049,NULL),('32b0358b-a54d-48f1-b7a6-2c48d9470d6a','almogh23','15e2b0d3c33891ebb0f1ef609ec419420c20e320ce94c65fbc8c3312448eb225','QCIRZP5WEU@gmail.com','sdsd',6849,NULL),('3779d970-e6ed-4906-ba2f-10c647c279ce','OMRI','a665a45920422f9d417e4867efdc4fb8a04a1f3fff1fa07e998e86f7f7a27ae3','almogh521@gmail.com','OMRI',4197,NULL),('530e9407-7cfd-4be4-9cc6-70ab38e6310c','W0QU2RDWLM','15e2b0d3c33891ebb0f1ef609ec419420c20e320ce94c65fbc8c3312448eb225','W0QU2RDWLM@gmail.com','sdsd',2055,NULL),('5464a7ba-4417-4a21-895d-0902bf4f9343','almogh52','4/BdqhbMzhjoe0zKMVXzIAEOuSCjs0m24JHgpMqP3IhjizwclhMsmg8smMnS/XvTbAYDJLV5b5rn2tVCFTbftQ==$SZr4ZnQlbY1P9qyae+9sjw==','almogh52@gmail.com','almogh',1755,NULL),('68dcca8e-2704-46e9-9f30-b7b5b0a77e96','XUJS97B3HA','15e2b0d3c33891ebb0f1ef609ec419420c20e320ce94c65fbc8c3312448eb225','XUJS97B3HA@gmail.com','sdsd',1055,NULL),('745786f4-6cb8-44af-8e94-3bdbc3043831','almogh57','kuO0G+In0EgcCmRR9zKC3ExMe24EZBri04uomgUMNghc1OT7SaFqb7vtZzigY6JTKG6JUK2iKMyPtZ/GEx1rFg==$wY3eEGOEt1OjmWw/ajwYYg==','asfa2d@gmail.co','almogh57',9927,NULL),('79bbcce2-01f4-4e12-b88d-c3f985d960f5','almogh13','15e2b0d3c33891ebb0f1ef609ec419420c20e320ce94c65fbc8c3312448eb225','Z6ALDZRWYY@gmail.com','sdsd',7784,NULL),('7d612d87-e2e9-4734-b6b2-b410b47d7995','almogh51','15e2b0d3c33891ebb0f1ef609ec419420c20e320ce94c65fbc8c3312448eb225','90NS0RW6TF@gmail.com','sdsd',9591,NULL),('900107fd-8205-4288-af9d-41d8a0596748','almogh58','dWHA4c+Q4OwEpLNowBAYjWvRmhGQpKIYCwdH6Ymc0LJzsdfbadeoKu5d/jfKtp9LiyDRZDu4pI6tOwzn2YckuQ==$5s4c23QgnQ6Z3b3kHK0vKg==','almogh58@gmail.com','almogh58',3649,NULL),('9626da51-f6db-4baf-a822-d58e3e366ded','almogh5454','03kcEhrPSjyVpeGiRQWrhN9XXFAu96lSWwr8I25JqI1VetEdbBfL9AckOtgWmi94E2uq1sNk5qDqRlBFriOyrQ==$kfDFmSUt94dk82tOSOzC0w==','almogfhdfgh@gmail.com','almogh5454',9333,NULL),('a267ebf7-81da-4863-b6c5-5fd40efff636','asfasf','3j1emM+T5ho4DZ2jpPt7KxQG5r9lBNffgMijsJUfozrybcY5bmOigwDpJbFlaAWZZdUU9AuajCILnG5RWJ2R0w==$/pdBBU2Rfy0dHnECJVcwmA==','dsfsdf@sdfsf.c','asfasf',2778,NULL),('a88814cb-961e-438a-b14e-53f6bc549e32','asfaf','w01N0TxVZi47PhDW/c71jPReiAA11psYL8FiubYgJyfmJoc/ZkD005eypYKe5VbvEJCowrQ62llZS1p/5O/CAg==$TxIdjDlgOh/On9pncBg5Kg==','asfaf@fsafd.c','asfaf',9252,NULL),('aa0722a9-f7ef-400e-94f5-abeea3748e7f','TD2BO1FPA1','15e2b0d3c33891ebb0f1ef609ec419420c20e320ce94c65fbc8c3312448eb225','TD2BO1FPA1@gmail.com','sdsd',1125,NULL),('bb26a902-3936-4113-bd9f-3262952817ef','almogh54','4/BdqhbMzhjoe0zKMVXzIAEOuSCjs0m24JHgpMqP3IhjizwclhMsmg8smMnS/XvTbAYDJLV5b5rn2tVCFTbftQ==$SZr4ZnQlbY1P9qyae+9sjw==','sdsd@f.c','almogh54',3672,NULL),('c0eb536f-aa7a-41c6-8ba1-b8b94bdb9f25','almogsdsd','e2f56ed6bbfb6035701d763130dcca34bfb0cb97fcd9d91d8c5116d29a9b6bd9','almoghwewe@gmail.com','almogsdsd',1591,NULL),('ea7dfe2e-acb9-4f01-93e5-413c24157e10','sima121','Yk7X9OoCclMZ9PyuKLzrhXwDOynT9KfL5tLb541ZKvTJsSUmXclXOjVhepqaKqsXDLExIDrygulDylLHa7U69Q==$0PJy/Ffgf1R7gqZbX3e1pQ==','sima121@gmail.com','sima121',5104,NULL),('ed6f6d9b-537c-43c1-96ae-84110fe5a9d5','KFT7NM25LQ','15e2b0d3c33891ebb0f1ef609ec419420c20e320ce94c65fbc8c3312448eb225','KFT7NM25LQ@gmail.com','sdsd',6534,NULL),('f096a34d-a572-4dfe-b66e-7fad1274631e','almogh53','15e2b0d3c33891ebb0f1ef609ec419420c20e320ce94c65fbc8c3312448eb225','Q8RQ7TE3ED@gmail.com','sdsd',1841,NULL);
/*!40000 ALTER TABLE `users` ENABLE KEYS */;
UNLOCK TABLES;

--
-- Dumping events for database 'quesync'
--

--
-- Dumping routines for database 'quesync'
--
/*!50003 DROP PROCEDURE IF EXISTS `get_private_channel` */;
/*!50003 SET @saved_cs_client      = @@character_set_client */ ;
/*!50003 SET @saved_cs_results     = @@character_set_results */ ;
/*!50003 SET @saved_col_connection = @@collation_connection */ ;
/*!50003 SET character_set_client  = utf8mb4 */ ;
/*!50003 SET character_set_results = utf8mb4 */ ;
/*!50003 SET collation_connection  = utf8mb4_0900_ai_ci */ ;
/*!50003 SET @saved_sql_mode       = @@sql_mode */ ;
/*!50003 SET sql_mode              = 'ONLY_FULL_GROUP_BY,STRICT_TRANS_TABLES,NO_ZERO_IN_DATE,NO_ZERO_DATE,ERROR_FOR_DIVISION_BY_ZERO,NO_ENGINE_SUBSTITUTION' */ ;
DELIMITER ;;
CREATE DEFINER=`root`@`localhost` PROCEDURE `get_private_channel`(
	IN user_1 VARCHAR(36),
    IN user_2 VARCHAR(36)
)
BEGIN
	SELECT c1.id
    FROM channels c1
    RIGHT JOIN
	(SELECT channel_id
    FROM channel_members
    WHERE member_id IN (user_1, user_2)
    GROUP BY channel_id
    HAVING COUNT(member_id) = 2) c2
    ON c1.id = c2.channel_id
    WHERE is_private = True;
END ;;
DELIMITER ;
/*!50003 SET sql_mode              = @saved_sql_mode */ ;
/*!50003 SET character_set_client  = @saved_cs_client */ ;
/*!50003 SET character_set_results = @saved_cs_results */ ;
/*!50003 SET collation_connection  = @saved_col_connection */ ;

--
-- Final view structure for view `profiles`
--

/*!50001 DROP VIEW IF EXISTS `profiles`*/;
/*!50001 SET @saved_cs_client          = @@character_set_client */;
/*!50001 SET @saved_cs_results         = @@character_set_results */;
/*!50001 SET @saved_col_connection     = @@collation_connection */;
/*!50001 SET character_set_client      = utf8mb4 */;
/*!50001 SET character_set_results     = utf8mb4 */;
/*!50001 SET collation_connection      = utf8mb4_0900_ai_ci */;
/*!50001 CREATE ALGORITHM=UNDEFINED */
/*!50013 DEFINER=`root`@`localhost` SQL SECURITY DEFINER */
/*!50001 VIEW `profiles` AS select `users`.`id` AS `id`,`users`.`nickname` AS `nickname`,`users`.`tag` AS `tag`,`users`.`photo_id` AS `photo_id` from `users` */;
/*!50001 SET character_set_client      = @saved_cs_client */;
/*!50001 SET character_set_results     = @saved_cs_results */;
/*!50001 SET collation_connection      = @saved_col_connection */;
/*!40103 SET TIME_ZONE=@OLD_TIME_ZONE */;

/*!40101 SET SQL_MODE=@OLD_SQL_MODE */;
/*!40014 SET FOREIGN_KEY_CHECKS=@OLD_FOREIGN_KEY_CHECKS */;
/*!40014 SET UNIQUE_CHECKS=@OLD_UNIQUE_CHECKS */;
/*!40101 SET CHARACTER_SET_CLIENT=@OLD_CHARACTER_SET_CLIENT */;
/*!40101 SET CHARACTER_SET_RESULTS=@OLD_CHARACTER_SET_RESULTS */;
/*!40101 SET COLLATION_CONNECTION=@OLD_COLLATION_CONNECTION */;
/*!40111 SET SQL_NOTES=@OLD_SQL_NOTES */;

-- Dump completed on 2019-10-23  0:15:30
