-- MySQL dump 10.13  Distrib 8.0.15, for macos10.14 (x86_64)
--
-- Host: localhost    Database: quesync
-- ------------------------------------------------------
-- Server version	8.0.15

/*!40101 SET @OLD_CHARACTER_SET_CLIENT=@@CHARACTER_SET_CLIENT */;
/*!40101 SET @OLD_CHARACTER_SET_RESULTS=@@CHARACTER_SET_RESULTS */;
/*!40101 SET @OLD_COLLATION_CONNECTION=@@COLLATION_CONNECTION */;
 SET NAMES utf8 ;
/*!40103 SET @OLD_TIME_ZONE=@@TIME_ZONE */;
/*!40103 SET TIME_ZONE='+00:00' */;
/*!40014 SET @OLD_UNIQUE_CHECKS=@@UNIQUE_CHECKS, UNIQUE_CHECKS=0 */;
/*!40014 SET @OLD_FOREIGN_KEY_CHECKS=@@FOREIGN_KEY_CHECKS, FOREIGN_KEY_CHECKS=0 */;
/*!40101 SET @OLD_SQL_MODE=@@SQL_MODE, SQL_MODE='NO_AUTO_VALUE_ON_ZERO' */;
/*!40111 SET @OLD_SQL_NOTES=@@SQL_NOTES, SQL_NOTES=0 */;

--
-- Table structure for table `call_participants`
--

DROP TABLE IF EXISTS `call_participants`;
/*!40101 SET @saved_cs_client     = @@character_set_client */;
 SET character_set_client = utf8mb4 ;
CREATE TABLE `call_participants` (
  `call_id` varchar(36) NOT NULL,
  `participant_id` varchar(36) NOT NULL,
  PRIMARY KEY (`call_id`,`participant_id`),
  KEY `call_participants_participant_id_fk_idx` (`participant_id`),
  CONSTRAINT `call_participants_call_id_fk` FOREIGN KEY (`call_id`) REFERENCES `calls` (`id`) ON DELETE CASCADE ON UPDATE RESTRICT,
  CONSTRAINT `call_participants_participant_id_fk` FOREIGN KEY (`participant_id`) REFERENCES `users` (`id`) ON DELETE CASCADE ON UPDATE RESTRICT
) ENGINE=InnoDB DEFAULT CHARSET=utf8mb4 COLLATE=utf8mb4_0900_ai_ci;
/*!40101 SET character_set_client = @saved_cs_client */;

--
-- Dumping data for table `call_participants`
--

LOCK TABLES `call_participants` WRITE;
/*!40000 ALTER TABLE `call_participants` DISABLE KEYS */;
INSERT INTO `call_participants` VALUES ('099790fd-c18c-4951-b1f8-efb386faa5a7','5464a7ba-4417-4a21-895d-0902bf4f9343'),('0d4e3d1d-65d9-4030-9139-5a74c90bc9b0','5464a7ba-4417-4a21-895d-0902bf4f9343'),('0e56e331-678d-40c1-be3a-075722a5ca81','5464a7ba-4417-4a21-895d-0902bf4f9343'),('0fed2205-b998-4839-8a36-6a6a1cc94d0a','5464a7ba-4417-4a21-895d-0902bf4f9343'),('1a967526-2d94-4a80-8d09-eed381e1b89c','5464a7ba-4417-4a21-895d-0902bf4f9343'),('1fbab1f3-7e29-4bd3-8785-76e87dec8d7e','5464a7ba-4417-4a21-895d-0902bf4f9343'),('2cd23d3b-b073-4ad5-af6f-05876eca27a1','5464a7ba-4417-4a21-895d-0902bf4f9343'),('340a9f24-0a8e-4ed1-ac85-6b7efead6a9a','5464a7ba-4417-4a21-895d-0902bf4f9343'),('3a02d18b-d347-4628-a371-a5e63835ab21','5464a7ba-4417-4a21-895d-0902bf4f9343'),('48f1bd00-7e81-4a41-b83e-46a3ed93936e','5464a7ba-4417-4a21-895d-0902bf4f9343'),('4e58d39b-881e-4fe5-b810-807c6b3f3ccb','5464a7ba-4417-4a21-895d-0902bf4f9343'),('5068c623-b653-444e-8d57-5fef7b2d12a6','5464a7ba-4417-4a21-895d-0902bf4f9343'),('6ad07d25-3c48-4919-8779-cf9c13e9f388','5464a7ba-4417-4a21-895d-0902bf4f9343'),('6fade059-1732-46da-be03-9d56ac10142a','5464a7ba-4417-4a21-895d-0902bf4f9343'),('7db0ee76-44e2-457a-ac9e-e9ef4e24cefb','5464a7ba-4417-4a21-895d-0902bf4f9343'),('7e130e1c-4e62-4045-bcec-6b8de147f5ec','5464a7ba-4417-4a21-895d-0902bf4f9343'),('8c863b6e-8564-487e-82dc-60042d813897','5464a7ba-4417-4a21-895d-0902bf4f9343'),('a9573dac-d37b-4c0e-9147-d8091af2f457','5464a7ba-4417-4a21-895d-0902bf4f9343'),('b37eb716-80cc-4a64-a136-ec8936d8d070','5464a7ba-4417-4a21-895d-0902bf4f9343'),('b4718d23-c47d-4f3a-8ce2-878a654c6825','5464a7ba-4417-4a21-895d-0902bf4f9343'),('b5fb5bfc-efec-4b78-ad6a-062d165b6235','5464a7ba-4417-4a21-895d-0902bf4f9343'),('c009e85b-77e9-40a9-8389-544e00c17fbe','5464a7ba-4417-4a21-895d-0902bf4f9343'),('c518a4c7-c1e7-4343-a8b7-56e4654ff98b','5464a7ba-4417-4a21-895d-0902bf4f9343'),('c8c423fc-55f5-40bf-b15d-79f827933714','5464a7ba-4417-4a21-895d-0902bf4f9343'),('ef8ca9d9-00d7-41db-8f4e-449e78ea8d3e','5464a7ba-4417-4a21-895d-0902bf4f9343'),('f6dd827e-debf-473b-91fb-a6918fd62af1','5464a7ba-4417-4a21-895d-0902bf4f9343'),('fa764739-e7f8-4f24-963b-c784f89e30ed','5464a7ba-4417-4a21-895d-0902bf4f9343'),('0e56e331-678d-40c1-be3a-075722a5ca81','bb26a902-3936-4113-bd9f-3262952817ef'),('1a967526-2d94-4a80-8d09-eed381e1b89c','bb26a902-3936-4113-bd9f-3262952817ef'),('1fbab1f3-7e29-4bd3-8785-76e87dec8d7e','bb26a902-3936-4113-bd9f-3262952817ef'),('5068c623-b653-444e-8d57-5fef7b2d12a6','bb26a902-3936-4113-bd9f-3262952817ef'),('56164dce-a8c5-4d33-b0b1-ead57b8aef93','bb26a902-3936-4113-bd9f-3262952817ef'),('565d42e6-adf9-41ca-bfa0-0bff94fe3210','bb26a902-3936-4113-bd9f-3262952817ef'),('596872f9-0893-40aa-ae13-26f0fbb7e74d','bb26a902-3936-4113-bd9f-3262952817ef'),('6d97aeed-9078-4148-b59e-7374b6d8d465','bb26a902-3936-4113-bd9f-3262952817ef'),('6fade059-1732-46da-be03-9d56ac10142a','bb26a902-3936-4113-bd9f-3262952817ef'),('70677750-4f6c-4991-92bf-095b776fc8bd','bb26a902-3936-4113-bd9f-3262952817ef'),('8991a1fb-20cc-45c0-ac10-bf9f927ae44a','bb26a902-3936-4113-bd9f-3262952817ef'),('8e1d3805-6216-49ed-a1f4-cfec5e7ee3e5','bb26a902-3936-4113-bd9f-3262952817ef'),('b37eb716-80cc-4a64-a136-ec8936d8d070','bb26a902-3936-4113-bd9f-3262952817ef'),('c518a4c7-c1e7-4343-a8b7-56e4654ff98b','bb26a902-3936-4113-bd9f-3262952817ef'),('ef8ca9d9-00d7-41db-8f4e-449e78ea8d3e','bb26a902-3936-4113-bd9f-3262952817ef'),('f2ef7a71-75ad-4b58-a22e-e9102809b761','bb26a902-3936-4113-bd9f-3262952817ef'),('f4a970d4-ad17-402e-be8c-b3d08c83d68d','bb26a902-3936-4113-bd9f-3262952817ef'),('f6dd827e-debf-473b-91fb-a6918fd62af1','bb26a902-3936-4113-bd9f-3262952817ef'),('f98eb0d0-ef6b-47ed-bf46-d7326e51d800','bb26a902-3936-4113-bd9f-3262952817ef'),('fa764739-e7f8-4f24-963b-c784f89e30ed','bb26a902-3936-4113-bd9f-3262952817ef');
/*!40000 ALTER TABLE `call_participants` ENABLE KEYS */;
UNLOCK TABLES;

--
-- Table structure for table `calls`
--

DROP TABLE IF EXISTS `calls`;
/*!40101 SET @saved_cs_client     = @@character_set_client */;
 SET character_set_client = utf8mb4 ;
CREATE TABLE `calls` (
  `id` varchar(36) NOT NULL,
  `caller_id` varchar(36) NOT NULL,
  `channel_id` varchar(36) NOT NULL,
  `start_date` timestamp NOT NULL DEFAULT CURRENT_TIMESTAMP,
  `end_date` timestamp NULL DEFAULT NULL,
  PRIMARY KEY (`id`),
  UNIQUE KEY `id_UNIQUE` (`id`),
  KEY `caller_id_fk_idx` (`caller_id`),
  KEY `channel_id_fk_idx` (`channel_id`),
  CONSTRAINT `calls_caller_id_fk` FOREIGN KEY (`caller_id`) REFERENCES `users` (`id`) ON DELETE CASCADE ON UPDATE RESTRICT,
  CONSTRAINT `calls_channel_id_fk` FOREIGN KEY (`channel_id`) REFERENCES `channels` (`id`) ON DELETE CASCADE ON UPDATE RESTRICT
) ENGINE=InnoDB DEFAULT CHARSET=utf8mb4 COLLATE=utf8mb4_0900_ai_ci;
/*!40101 SET character_set_client = @saved_cs_client */;

--
-- Dumping data for table `calls`
--

LOCK TABLES `calls` WRITE;
/*!40000 ALTER TABLE `calls` DISABLE KEYS */;
INSERT INTO `calls` VALUES ('099790fd-c18c-4951-b1f8-efb386faa5a7','5464a7ba-4417-4a21-895d-0902bf4f9343','de41c5ba-b4a7-4d9b-8143-c4048d3f1931','2019-09-05 14:39:21','2019-09-05 14:39:35'),('0d4e3d1d-65d9-4030-9139-5a74c90bc9b0','5464a7ba-4417-4a21-895d-0902bf4f9343','d13f2902-0581-4b6f-8a25-a8e2e0ed201f','2019-09-05 17:42:33','2019-09-05 17:42:36'),('0e56e331-678d-40c1-be3a-075722a5ca81','bb26a902-3936-4113-bd9f-3262952817ef','de41c5ba-b4a7-4d9b-8143-c4048d3f1931','2019-08-30 10:25:37',NULL),('0fed2205-b998-4839-8a36-6a6a1cc94d0a','5464a7ba-4417-4a21-895d-0902bf4f9343','de41c5ba-b4a7-4d9b-8143-c4048d3f1931','2019-08-30 10:43:56','2019-08-30 10:43:57'),('1a967526-2d94-4a80-8d09-eed381e1b89c','bb26a902-3936-4113-bd9f-3262952817ef','de41c5ba-b4a7-4d9b-8143-c4048d3f1931','2019-09-05 14:40:40','2019-09-05 14:41:48'),('1fbab1f3-7e29-4bd3-8785-76e87dec8d7e','bb26a902-3936-4113-bd9f-3262952817ef','de41c5ba-b4a7-4d9b-8143-c4048d3f1931','2019-08-30 10:33:26',NULL),('2cd23d3b-b073-4ad5-af6f-05876eca27a1','5464a7ba-4417-4a21-895d-0902bf4f9343','de41c5ba-b4a7-4d9b-8143-c4048d3f1931','2019-08-30 10:39:29',NULL),('340a9f24-0a8e-4ed1-ac85-6b7efead6a9a','5464a7ba-4417-4a21-895d-0902bf4f9343','d13f2902-0581-4b6f-8a25-a8e2e0ed201f','2019-09-03 16:06:18','2019-09-03 16:06:19'),('3a02d18b-d347-4628-a371-a5e63835ab21','5464a7ba-4417-4a21-895d-0902bf4f9343','de41c5ba-b4a7-4d9b-8143-c4048d3f1931','2019-08-30 10:28:54',NULL),('48f1bd00-7e81-4a41-b83e-46a3ed93936e','5464a7ba-4417-4a21-895d-0902bf4f9343','d13f2902-0581-4b6f-8a25-a8e2e0ed201f','2019-09-05 17:42:38','2019-09-05 17:42:39'),('4e58d39b-881e-4fe5-b810-807c6b3f3ccb','5464a7ba-4417-4a21-895d-0902bf4f9343','de41c5ba-b4a7-4d9b-8143-c4048d3f1931','2019-08-30 10:12:13',NULL),('5068c623-b653-444e-8d57-5fef7b2d12a6','5464a7ba-4417-4a21-895d-0902bf4f9343','de41c5ba-b4a7-4d9b-8143-c4048d3f1931','2019-08-30 10:44:52','2019-08-30 10:45:21'),('56164dce-a8c5-4d33-b0b1-ead57b8aef93','bb26a902-3936-4113-bd9f-3262952817ef','de41c5ba-b4a7-4d9b-8143-c4048d3f1931','2019-09-05 17:46:50','2019-09-05 17:46:59'),('565d42e6-adf9-41ca-bfa0-0bff94fe3210','bb26a902-3936-4113-bd9f-3262952817ef','de41c5ba-b4a7-4d9b-8143-c4048d3f1931','2019-09-05 14:17:46','2019-09-05 14:17:58'),('596872f9-0893-40aa-ae13-26f0fbb7e74d','bb26a902-3936-4113-bd9f-3262952817ef','de41c5ba-b4a7-4d9b-8143-c4048d3f1931','2019-09-05 17:44:42','2019-09-05 17:45:10'),('6ad07d25-3c48-4919-8779-cf9c13e9f388','5464a7ba-4417-4a21-895d-0902bf4f9343','d13f2902-0581-4b6f-8a25-a8e2e0ed201f','2019-09-05 16:48:34','2019-09-05 16:51:21'),('6d97aeed-9078-4148-b59e-7374b6d8d465','bb26a902-3936-4113-bd9f-3262952817ef','de41c5ba-b4a7-4d9b-8143-c4048d3f1931','2019-09-05 15:23:24','2019-09-05 15:23:29'),('6fade059-1732-46da-be03-9d56ac10142a','5464a7ba-4417-4a21-895d-0902bf4f9343','de41c5ba-b4a7-4d9b-8143-c4048d3f1931','2019-08-30 10:30:16',NULL),('70677750-4f6c-4991-92bf-095b776fc8bd','bb26a902-3936-4113-bd9f-3262952817ef','de41c5ba-b4a7-4d9b-8143-c4048d3f1931','2019-08-30 10:17:27',NULL),('7db0ee76-44e2-457a-ac9e-e9ef4e24cefb','5464a7ba-4417-4a21-895d-0902bf4f9343','d13f2902-0581-4b6f-8a25-a8e2e0ed201f','2019-09-05 17:46:04','2019-09-05 17:46:10'),('7e130e1c-4e62-4045-bcec-6b8de147f5ec','5464a7ba-4417-4a21-895d-0902bf4f9343','d13f2902-0581-4b6f-8a25-a8e2e0ed201f','2019-09-03 16:05:26','2019-09-03 16:06:07'),('8991a1fb-20cc-45c0-ac10-bf9f927ae44a','bb26a902-3936-4113-bd9f-3262952817ef','de41c5ba-b4a7-4d9b-8143-c4048d3f1931','2019-09-05 14:45:24','2019-09-05 14:45:27'),('8c863b6e-8564-487e-82dc-60042d813897','5464a7ba-4417-4a21-895d-0902bf4f9343','d13f2902-0581-4b6f-8a25-a8e2e0ed201f','2019-09-05 16:45:34','2019-09-05 16:45:44'),('8e1d3805-6216-49ed-a1f4-cfec5e7ee3e5','bb26a902-3936-4113-bd9f-3262952817ef','de41c5ba-b4a7-4d9b-8143-c4048d3f1931','2019-09-05 14:48:41','2019-09-05 14:49:38'),('a9573dac-d37b-4c0e-9147-d8091af2f457','5464a7ba-4417-4a21-895d-0902bf4f9343','d13f2902-0581-4b6f-8a25-a8e2e0ed201f','2019-09-05 16:51:22','2019-09-05 16:54:53'),('b37eb716-80cc-4a64-a136-ec8936d8d070','5464a7ba-4417-4a21-895d-0902bf4f9343','de41c5ba-b4a7-4d9b-8143-c4048d3f1931','2019-09-05 14:44:58','2019-09-05 14:45:17'),('b4718d23-c47d-4f3a-8ce2-878a654c6825','5464a7ba-4417-4a21-895d-0902bf4f9343','d13f2902-0581-4b6f-8a25-a8e2e0ed201f','2019-09-05 17:41:58','2019-09-05 17:42:27'),('b5fb5bfc-efec-4b78-ad6a-062d165b6235','5464a7ba-4417-4a21-895d-0902bf4f9343','de41c5ba-b4a7-4d9b-8143-c4048d3f1931','2019-09-05 14:38:44','2019-09-05 14:39:21'),('c009e85b-77e9-40a9-8389-544e00c17fbe','5464a7ba-4417-4a21-895d-0902bf4f9343','de41c5ba-b4a7-4d9b-8143-c4048d3f1931','2019-08-30 10:32:38',NULL),('c518a4c7-c1e7-4343-a8b7-56e4654ff98b','bb26a902-3936-4113-bd9f-3262952817ef','de41c5ba-b4a7-4d9b-8143-c4048d3f1931','2019-09-05 14:43:28','2019-09-05 14:44:00'),('c8c423fc-55f5-40bf-b15d-79f827933714','5464a7ba-4417-4a21-895d-0902bf4f9343','d13f2902-0581-4b6f-8a25-a8e2e0ed201f','2019-09-05 16:44:51','2019-09-05 16:45:01'),('ef8ca9d9-00d7-41db-8f4e-449e78ea8d3e','bb26a902-3936-4113-bd9f-3262952817ef','de41c5ba-b4a7-4d9b-8143-c4048d3f1931','2019-09-05 17:47:39','2019-09-05 17:48:19'),('f2ef7a71-75ad-4b58-a22e-e9102809b761','bb26a902-3936-4113-bd9f-3262952817ef','de41c5ba-b4a7-4d9b-8143-c4048d3f1931','2019-09-05 14:42:19','2019-09-05 14:42:30'),('f4a970d4-ad17-402e-be8c-b3d08c83d68d','bb26a902-3936-4113-bd9f-3262952817ef','de41c5ba-b4a7-4d9b-8143-c4048d3f1931','2019-08-30 10:14:10',NULL),('f6dd827e-debf-473b-91fb-a6918fd62af1','bb26a902-3936-4113-bd9f-3262952817ef','de41c5ba-b4a7-4d9b-8143-c4048d3f1931','2019-09-07 11:58:57','2019-09-07 11:59:06'),('f98eb0d0-ef6b-47ed-bf46-d7326e51d800','bb26a902-3936-4113-bd9f-3262952817ef','de41c5ba-b4a7-4d9b-8143-c4048d3f1931','2019-09-05 14:40:19','2019-09-05 14:40:40'),('fa764739-e7f8-4f24-963b-c784f89e30ed','bb26a902-3936-4113-bd9f-3262952817ef','de41c5ba-b4a7-4d9b-8143-c4048d3f1931','2019-09-05 14:44:38','2019-09-05 14:44:53');
/*!40000 ALTER TABLE `calls` ENABLE KEYS */;
UNLOCK TABLES;

--
-- Table structure for table `channel_members`
--

DROP TABLE IF EXISTS `channel_members`;
/*!40101 SET @saved_cs_client     = @@character_set_client */;
 SET character_set_client = utf8mb4 ;
CREATE TABLE `channel_members` (
  `channel_id` varchar(36) NOT NULL,
  `member_id` varchar(36) NOT NULL,
  PRIMARY KEY (`channel_id`,`member_id`),
  KEY `fk_user_id_idx` (`member_id`),
  CONSTRAINT `channel_members_channel_id_fk` FOREIGN KEY (`channel_id`) REFERENCES `channels` (`id`) ON DELETE CASCADE ON UPDATE RESTRICT,
  CONSTRAINT `channel_members_member_id_fk` FOREIGN KEY (`member_id`) REFERENCES `users` (`id`) ON DELETE CASCADE ON UPDATE RESTRICT
) ENGINE=InnoDB DEFAULT CHARSET=utf8mb4 COLLATE=utf8mb4_0900_ai_ci;
/*!40101 SET character_set_client = @saved_cs_client */;

--
-- Dumping data for table `channel_members`
--

LOCK TABLES `channel_members` WRITE;
/*!40000 ALTER TABLE `channel_members` DISABLE KEYS */;
INSERT INTO `channel_members` VALUES ('21472105-1e65-466f-b16c-2450eb18e1b4','0739e80c-b634-4f9e-a54f-5ee75d441a96'),('a7b13885-51f2-44ab-890d-f3263e4d9fa1','0739e80c-b634-4f9e-a54f-5ee75d441a96'),('4990dba2-0b8b-4ff0-83f5-eb5b22711c4c','20734f93-c8d3-48a8-a6a6-e554a42395d8'),('49dc2dce-509d-46af-a563-05bef5ddcc67','32b0358b-a54d-48f1-b7a6-2c48d9470d6a'),('7d834d31-7f90-4519-a672-0f670622a810','32b0358b-a54d-48f1-b7a6-2c48d9470d6a'),('9ddeb7ed-7f61-4352-9f38-908133626be3','32b0358b-a54d-48f1-b7a6-2c48d9470d6a'),('d13f2902-0581-4b6f-8a25-a8e2e0ed201f','32b0358b-a54d-48f1-b7a6-2c48d9470d6a'),('2e98d4b8-8cf0-4726-a2d5-285bf3b3adfc','530e9407-7cfd-4be4-9cc6-70ab38e6310c'),('48f66837-376e-4720-9c33-46fde29f1376','530e9407-7cfd-4be4-9cc6-70ab38e6310c'),('7d834d31-7f90-4519-a672-0f670622a810','530e9407-7cfd-4be4-9cc6-70ab38e6310c'),('0cd67371-c1de-4a9e-bb6e-431066ecfc19','5464a7ba-4417-4a21-895d-0902bf4f9343'),('2e98d4b8-8cf0-4726-a2d5-285bf3b3adfc','5464a7ba-4417-4a21-895d-0902bf4f9343'),('4990dba2-0b8b-4ff0-83f5-eb5b22711c4c','5464a7ba-4417-4a21-895d-0902bf4f9343'),('8c5a7e79-b0e7-4b5b-a69e-0f8271e81413','5464a7ba-4417-4a21-895d-0902bf4f9343'),('94710058-8c4f-47f6-8c05-49b0d6942329','5464a7ba-4417-4a21-895d-0902bf4f9343'),('a6f2bba9-f0ac-4933-b420-f2af420573da','5464a7ba-4417-4a21-895d-0902bf4f9343'),('a7b13885-51f2-44ab-890d-f3263e4d9fa1','5464a7ba-4417-4a21-895d-0902bf4f9343'),('b234a52e-31ab-4c6e-b5ac-8ecd1cb870bf','5464a7ba-4417-4a21-895d-0902bf4f9343'),('c2813fcd-1f42-448c-84a3-733aed3ef800','5464a7ba-4417-4a21-895d-0902bf4f9343'),('ca297f48-7e30-4773-834e-5f6c4b12c6bd','5464a7ba-4417-4a21-895d-0902bf4f9343'),('d13f2902-0581-4b6f-8a25-a8e2e0ed201f','5464a7ba-4417-4a21-895d-0902bf4f9343'),('d751dab2-456c-4cd8-838e-fc9b4fd22f31','5464a7ba-4417-4a21-895d-0902bf4f9343'),('de41c5ba-b4a7-4d9b-8143-c4048d3f1931','5464a7ba-4417-4a21-895d-0902bf4f9343'),('e9a584c5-eb80-4138-87dd-7f019203d401','5464a7ba-4417-4a21-895d-0902bf4f9343'),('f1e5304d-cadf-4858-bb80-5971e2f0104e','5464a7ba-4417-4a21-895d-0902bf4f9343'),('0cd67371-c1de-4a9e-bb6e-431066ecfc19','68dcca8e-2704-46e9-9f30-b7b5b0a77e96'),('49dc2dce-509d-46af-a563-05bef5ddcc67','79bbcce2-01f4-4e12-b88d-c3f985d960f5'),('b234a52e-31ab-4c6e-b5ac-8ecd1cb870bf','79bbcce2-01f4-4e12-b88d-c3f985d960f5'),('21472105-1e65-466f-b16c-2450eb18e1b4','7d612d87-e2e9-4734-b6b2-b410b47d7995'),('9ddeb7ed-7f61-4352-9f38-908133626be3','7d612d87-e2e9-4734-b6b2-b410b47d7995'),('f1e5304d-cadf-4858-bb80-5971e2f0104e','7d612d87-e2e9-4734-b6b2-b410b47d7995'),('d751dab2-456c-4cd8-838e-fc9b4fd22f31','900107fd-8205-4288-af9d-41d8a0596748'),('c2813fcd-1f42-448c-84a3-733aed3ef800','a267ebf7-81da-4863-b6c5-5fd40efff636'),('b8725c62-35ea-4431-bbea-6aca9a31a151','a88814cb-961e-438a-b14e-53f6bc549e32'),('e9a584c5-eb80-4138-87dd-7f019203d401','a88814cb-961e-438a-b14e-53f6bc549e32'),('8c5a7e79-b0e7-4b5b-a69e-0f8271e81413','aa0722a9-f7ef-400e-94f5-abeea3748e7f'),('b8725c62-35ea-4431-bbea-6aca9a31a151','bb26a902-3936-4113-bd9f-3262952817ef'),('de41c5ba-b4a7-4d9b-8143-c4048d3f1931','bb26a902-3936-4113-bd9f-3262952817ef'),('94710058-8c4f-47f6-8c05-49b0d6942329','ed6f6d9b-537c-43c1-96ae-84110fe5a9d5'),('a6f2bba9-f0ac-4933-b420-f2af420573da','f096a34d-a572-4dfe-b66e-7fad1274631e');
/*!40000 ALTER TABLE `channel_members` ENABLE KEYS */;
UNLOCK TABLES;

--
-- Table structure for table `channels`
--

DROP TABLE IF EXISTS `channels`;
/*!40101 SET @saved_cs_client     = @@character_set_client */;
 SET character_set_client = utf8mb4 ;
CREATE TABLE `channels` (
  `id` varchar(36) NOT NULL,
  `is_private` tinyint(4) NOT NULL DEFAULT '0',
  `created_at` timestamp NOT NULL DEFAULT CURRENT_TIMESTAMP,
  PRIMARY KEY (`id`),
  UNIQUE KEY `id_UNIQUE` (`id`)
) ENGINE=InnoDB DEFAULT CHARSET=utf8mb4 COLLATE=utf8mb4_0900_ai_ci;
/*!40101 SET character_set_client = @saved_cs_client */;

--
-- Dumping data for table `channels`
--

LOCK TABLES `channels` WRITE;
/*!40000 ALTER TABLE `channels` DISABLE KEYS */;
INSERT INTO `channels` VALUES ('0cd67371-c1de-4a9e-bb6e-431066ecfc19',1,'2019-06-25 10:36:47'),('21472105-1e65-466f-b16c-2450eb18e1b4',1,'2019-06-27 11:56:04'),('2e98d4b8-8cf0-4726-a2d5-285bf3b3adfc',1,'2019-06-14 14:58:33'),('48f66837-376e-4720-9c33-46fde29f1376',1,'2019-06-15 00:01:35'),('4990dba2-0b8b-4ff0-83f5-eb5b22711c4c',1,'2019-06-25 01:59:54'),('49dc2dce-509d-46af-a563-05bef5ddcc67',1,'2019-06-14 13:12:45'),('7d834d31-7f90-4519-a672-0f670622a810',1,'2019-06-14 14:58:48'),('8c5a7e79-b0e7-4b5b-a69e-0f8271e81413',1,'2019-06-25 10:41:27'),('94710058-8c4f-47f6-8c05-49b0d6942329',1,'2019-06-25 01:51:37'),('9ddeb7ed-7f61-4352-9f38-908133626be3',1,'2019-06-27 11:52:29'),('a6f2bba9-f0ac-4933-b420-f2af420573da',1,'2019-06-25 10:41:27'),('a7b13885-51f2-44ab-890d-f3263e4d9fa1',1,'2019-06-25 01:48:52'),('b234a52e-31ab-4c6e-b5ac-8ecd1cb870bf',1,'2019-06-25 10:39:59'),('b8725c62-35ea-4431-bbea-6aca9a31a151',1,'2019-08-25 13:02:57'),('c2813fcd-1f42-448c-84a3-733aed3ef800',1,'2019-08-22 21:13:47'),('ca297f48-7e30-4773-834e-5f6c4b12c6bd',1,'2019-06-14 14:58:17'),('d13f2902-0581-4b6f-8a25-a8e2e0ed201f',1,'2019-06-14 14:58:03'),('d751dab2-456c-4cd8-838e-fc9b4fd22f31',1,'2019-08-28 12:37:48'),('de41c5ba-b4a7-4d9b-8143-c4048d3f1931',1,'2019-08-20 16:43:55'),('e9a584c5-eb80-4138-87dd-7f019203d401',1,'2019-08-22 21:16:28'),('f1e5304d-cadf-4858-bb80-5971e2f0104e',1,'2019-06-25 01:51:24');
/*!40000 ALTER TABLE `channels` ENABLE KEYS */;
UNLOCK TABLES;

--
-- Table structure for table `files`
--

DROP TABLE IF EXISTS `files`;
/*!40101 SET @saved_cs_client     = @@character_set_client */;
 SET character_set_client = utf8mb4 ;
CREATE TABLE `files` (
  `id` varchar(36) NOT NULL,
  `uploader_id` varchar(36) NOT NULL,
  `name` text NOT NULL,
  `size` bigint(20) NOT NULL,
  `uploaded_at` timestamp NOT NULL DEFAULT CURRENT_TIMESTAMP,
  PRIMARY KEY (`id`),
  UNIQUE KEY `id_UNIQUE` (`id`),
  KEY `files_uploader_id_fk_idx` (`uploader_id`),
  CONSTRAINT `files_uploader_id_fk` FOREIGN KEY (`uploader_id`) REFERENCES `users` (`id`) ON DELETE CASCADE ON UPDATE RESTRICT
) ENGINE=InnoDB DEFAULT CHARSET=utf8mb4 COLLATE=utf8mb4_0900_ai_ci;
/*!40101 SET character_set_client = @saved_cs_client */;

--
-- Dumping data for table `files`
--

LOCK TABLES `files` WRITE;
/*!40000 ALTER TABLE `files` DISABLE KEYS */;
/*!40000 ALTER TABLE `files` ENABLE KEYS */;
UNLOCK TABLES;

--
-- Table structure for table `friendships`
--

DROP TABLE IF EXISTS `friendships`;
/*!40101 SET @saved_cs_client     = @@character_set_client */;
 SET character_set_client = utf8mb4 ;
CREATE TABLE `friendships` (
  `requester_id` varchar(36) NOT NULL,
  `recipient_id` varchar(36) NOT NULL,
  `approved` tinyint(4) NOT NULL DEFAULT '0',
  `sent_at` timestamp NOT NULL DEFAULT CURRENT_TIMESTAMP,
  PRIMARY KEY (`requester_id`,`recipient_id`),
  KEY `fk_receipt_id_idx` (`recipient_id`),
  CONSTRAINT `friendships_recipient_id_fk` FOREIGN KEY (`recipient_id`) REFERENCES `users` (`id`) ON DELETE CASCADE,
  CONSTRAINT `friendships_requester_id_fk` FOREIGN KEY (`requester_id`) REFERENCES `users` (`id`) ON DELETE CASCADE
) ENGINE=InnoDB DEFAULT CHARSET=utf8mb4 COLLATE=utf8mb4_0900_ai_ci;
/*!40101 SET character_set_client = @saved_cs_client */;

--
-- Dumping data for table `friendships`
--

LOCK TABLES `friendships` WRITE;
/*!40000 ALTER TABLE `friendships` DISABLE KEYS */;
INSERT INTO `friendships` VALUES ('5464a7ba-4417-4a21-895d-0902bf4f9343','32b0358b-a54d-48f1-b7a6-2c48d9470d6a',1,'2019-06-25 10:47:02'),('900107fd-8205-4288-af9d-41d8a0596748','5464a7ba-4417-4a21-895d-0902bf4f9343',1,'2019-08-28 12:37:48'),('a267ebf7-81da-4863-b6c5-5fd40efff636','5464a7ba-4417-4a21-895d-0902bf4f9343',1,'2019-08-22 21:13:47'),('a88814cb-961e-438a-b14e-53f6bc549e32','5464a7ba-4417-4a21-895d-0902bf4f9343',1,'2019-08-22 21:16:28'),('bb26a902-3936-4113-bd9f-3262952817ef','5464a7ba-4417-4a21-895d-0902bf4f9343',1,'2019-08-20 16:43:55');
/*!40000 ALTER TABLE `friendships` ENABLE KEYS */;
UNLOCK TABLES;

--
-- Table structure for table `messages`
--

DROP TABLE IF EXISTS `messages`;
/*!40101 SET @saved_cs_client     = @@character_set_client */;
 SET character_set_client = utf8mb4 ;
CREATE TABLE `messages` (
  `id` varchar(36) NOT NULL,
  `sender_id` varchar(36) NOT NULL,
  `channel_id` varchar(36) NOT NULL,
  `content` text NOT NULL,
  `sent_at` timestamp NOT NULL DEFAULT CURRENT_TIMESTAMP,
  PRIMARY KEY (`id`),
  UNIQUE KEY `id_UNIQUE` (`id`),
  KEY `sender_id_fk_idx` (`sender_id`),
  KEY `channel_id_fk_idx` (`channel_id`),
  CONSTRAINT `messages_channel_id_fk` FOREIGN KEY (`channel_id`) REFERENCES `channels` (`id`) ON DELETE CASCADE ON UPDATE RESTRICT,
  CONSTRAINT `messages_sender_id_fk` FOREIGN KEY (`sender_id`) REFERENCES `users` (`id`) ON DELETE CASCADE ON UPDATE RESTRICT
) ENGINE=InnoDB DEFAULT CHARSET=utf8mb4 COLLATE=utf8mb4_0900_ai_ci;
/*!40101 SET character_set_client = @saved_cs_client */;

--
-- Dumping data for table `messages`
--

LOCK TABLES `messages` WRITE;
/*!40000 ALTER TABLE `messages` DISABLE KEYS */;
INSERT INTO `messages` VALUES ('05a88abc-6f5f-409c-a582-1df619333553','5464a7ba-4417-4a21-895d-0902bf4f9343','de41c5ba-b4a7-4d9b-8143-c4048d3f1931','a','2019-08-22 20:42:30'),('067554ee-814c-4eb1-af0d-93e85b99ba08','5464a7ba-4417-4a21-895d-0902bf4f9343','2e98d4b8-8cf0-4726-a2d5-285bf3b3adfc','?','2019-08-28 00:58:07'),('0aa1a9bb-c80f-4a9c-9c1a-a633305735fd','5464a7ba-4417-4a21-895d-0902bf4f9343','d13f2902-0581-4b6f-8a25-a8e2e0ed201f','s','2019-07-06 14:36:31'),('0b05708b-fd55-4b45-9ad0-f14e3bce61c5','bb26a902-3936-4113-bd9f-3262952817ef','de41c5ba-b4a7-4d9b-8143-c4048d3f1931','sgsg','2019-09-05 15:22:49'),('0b289ce0-f671-4ff8-b520-0b6177a951c5','5464a7ba-4417-4a21-895d-0902bf4f9343','2e98d4b8-8cf0-4726-a2d5-285bf3b3adfc','?','2019-08-28 01:29:12'),('0f4a2579-a622-4f5a-95e5-81e12ed8f1d8','5464a7ba-4417-4a21-895d-0902bf4f9343','2e98d4b8-8cf0-4726-a2d5-285bf3b3adfc','?','2019-08-28 01:21:52'),('12dce487-e17b-4b18-a312-af08bc074eeb','5464a7ba-4417-4a21-895d-0902bf4f9343','de41c5ba-b4a7-4d9b-8143-c4048d3f1931','ad','2019-08-28 12:17:45'),('1763269c-17ed-4843-8805-4a34e360b6ba','7d612d87-e2e9-4734-b6b2-b410b47d7995','f1e5304d-cadf-4858-bb80-5971e2f0104e','OMRIRIRIRIR\n','2019-07-06 20:37:44'),('1872aa93-48c0-43b6-899e-71f9df293366','5464a7ba-4417-4a21-895d-0902bf4f9343','2e98d4b8-8cf0-4726-a2d5-285bf3b3adfc','?','2019-08-28 00:57:49'),('18ce4257-1406-4631-9748-0443f35e3140','5464a7ba-4417-4a21-895d-0902bf4f9343','d13f2902-0581-4b6f-8a25-a8e2e0ed201f','sdf','2019-07-06 14:36:38'),('1983105f-8262-4d86-934a-d43f1fd6b547','5464a7ba-4417-4a21-895d-0902bf4f9343','2e98d4b8-8cf0-4726-a2d5-285bf3b3adfc','?','2019-08-28 00:57:11'),('199f263c-01cd-4af5-abe2-139a746bdad9','bb26a902-3936-4113-bd9f-3262952817ef','de41c5ba-b4a7-4d9b-8143-c4048d3f1931','sdgsdgsdgssdgs','2019-09-05 15:22:50'),('1ab639a4-8472-40a6-b665-3ba4ebc76510','5464a7ba-4417-4a21-895d-0902bf4f9343','2e98d4b8-8cf0-4726-a2d5-285bf3b3adfc','?','2019-08-28 00:57:45'),('1dfb183b-d0a0-473e-8d59-8c8c252a5c9d','bb26a902-3936-4113-bd9f-3262952817ef','de41c5ba-b4a7-4d9b-8143-c4048d3f1931','sdgsdgsdgssdgsdgsdgsdgsd','2019-09-05 15:22:51'),('2110b6c4-2303-4366-9a5b-1550a51674c9','bb26a902-3936-4113-bd9f-3262952817ef','de41c5ba-b4a7-4d9b-8143-c4048d3f1931','MAC FUCKING OS','2019-08-21 00:14:50'),('234bed41-48e4-4754-b7e5-5921fd4eca5d','bb26a902-3936-4113-bd9f-3262952817ef','de41c5ba-b4a7-4d9b-8143-c4048d3f1931','sdgsdgsdgssdgsdgs','2019-09-05 15:22:50'),('25128d25-6627-4ad9-a7e2-ab64da95efd7','5464a7ba-4417-4a21-895d-0902bf4f9343','d13f2902-0581-4b6f-8a25-a8e2e0ed201f','fgdfg','2019-08-28 12:03:18'),('27855b64-bfd8-4b91-8e58-bacbfd45465c','5464a7ba-4417-4a21-895d-0902bf4f9343','2e98d4b8-8cf0-4726-a2d5-285bf3b3adfc','?','2019-08-28 00:57:51'),('27f1804a-e4fd-4de4-b93d-30dd04feb8d9','5464a7ba-4417-4a21-895d-0902bf4f9343','d13f2902-0581-4b6f-8a25-a8e2e0ed201f','ddg','2019-08-28 12:17:36'),('28b7ddbc-aaec-4b69-ae63-8c43e9d60f7b','5464a7ba-4417-4a21-895d-0902bf4f9343','d13f2902-0581-4b6f-8a25-a8e2e0ed201f','fsadfsdf','2019-09-05 13:47:34'),('29de37ae-2980-43c7-add3-db80d5db8a6a','5464a7ba-4417-4a21-895d-0902bf4f9343','de41c5ba-b4a7-4d9b-8143-c4048d3f1931','dsadsa','2019-09-05 14:49:06'),('2b42f499-4fef-4a6f-bf87-de634424e627','bb26a902-3936-4113-bd9f-3262952817ef','de41c5ba-b4a7-4d9b-8143-c4048d3f1931','Sima','2019-08-21 00:14:39'),('2bd0ccc2-6792-45d4-92c5-1b560f154a89','bb26a902-3936-4113-bd9f-3262952817ef','de41c5ba-b4a7-4d9b-8143-c4048d3f1931','Alay','2019-08-21 00:14:42'),('2d62ba18-3947-48b6-b431-9867f5ad3ccb','bb26a902-3936-4113-bd9f-3262952817ef','de41c5ba-b4a7-4d9b-8143-c4048d3f1931','fsdfsdf','2019-09-05 15:22:55'),('2f68abcf-71d3-4f5f-ae9c-dd457ec86cd4','5464a7ba-4417-4a21-895d-0902bf4f9343','d13f2902-0581-4b6f-8a25-a8e2e0ed201f','fsd','2019-07-06 14:36:37'),('2fcec484-cb5b-431d-946f-23a4e11f29e7','bb26a902-3936-4113-bd9f-3262952817ef','de41c5ba-b4a7-4d9b-8143-c4048d3f1931','dfsdfgsdg','2019-09-05 15:22:47'),('310218f6-c2a6-43c4-96f3-01cb6465ef55','5464a7ba-4417-4a21-895d-0902bf4f9343','2e98d4b8-8cf0-4726-a2d5-285bf3b3adfc','?','2019-08-28 00:54:30'),('31ea7c35-e963-4d97-b4e4-b668bc4f24ae','5464a7ba-4417-4a21-895d-0902bf4f9343','de41c5ba-b4a7-4d9b-8143-c4048d3f1931','asfasf','2019-09-05 14:42:12'),('31f15a1c-a584-4be8-bfe6-6e5a72e89768','5464a7ba-4417-4a21-895d-0902bf4f9343','de41c5ba-b4a7-4d9b-8143-c4048d3f1931','dsadsadasd','2019-09-05 14:49:07'),('330866e1-016a-43a9-8311-7fa45f357117','5464a7ba-4417-4a21-895d-0902bf4f9343','de41c5ba-b4a7-4d9b-8143-c4048d3f1931','dsadsadasdasd','2019-09-05 14:49:07'),('343a3118-c676-44aa-9540-0dbafa03a925','7d612d87-e2e9-4734-b6b2-b410b47d7995','f1e5304d-cadf-4858-bb80-5971e2f0104e','s','2019-07-06 20:37:41'),('3501e79f-62a1-4450-9343-36885bba4542','bb26a902-3936-4113-bd9f-3262952817ef','de41c5ba-b4a7-4d9b-8143-c4048d3f1931','asfasf','2019-09-07 11:58:54'),('357740d8-d10f-44aa-890b-f65de1bcdd90','bb26a902-3936-4113-bd9f-3262952817ef','de41c5ba-b4a7-4d9b-8143-c4048d3f1931','sdgsdgsdgs','2019-09-05 15:22:50'),('36702b71-ab87-4cc1-a853-5d3e9e11343e','5464a7ba-4417-4a21-895d-0902bf4f9343','d13f2902-0581-4b6f-8a25-a8e2e0ed201f','dfdf','2019-08-28 12:03:19'),('3d80cd9e-0688-4ea3-826b-3b4ea5beaf03','7d612d87-e2e9-4734-b6b2-b410b47d7995','f1e5304d-cadf-4858-bb80-5971e2f0104e','s','2019-07-06 20:37:40'),('42cbe1d3-99f9-4c48-9a4d-16a7a407d1c3','5464a7ba-4417-4a21-895d-0902bf4f9343','d13f2902-0581-4b6f-8a25-a8e2e0ed201f','sdf','2019-08-22 20:42:28'),('44fe7f87-fa2e-433e-a545-6915ee15fa7f','7d612d87-e2e9-4734-b6b2-b410b47d7995','f1e5304d-cadf-4858-bb80-5971e2f0104e','s','2019-07-06 20:37:36'),('46ed0739-687b-454b-96a1-532b5a252d1e','5464a7ba-4417-4a21-895d-0902bf4f9343','d13f2902-0581-4b6f-8a25-a8e2e0ed201f','s','2019-07-06 14:36:35'),('48b0dd5c-a5b3-47ea-9895-38c49dd68cfd','5464a7ba-4417-4a21-895d-0902bf4f9343','d13f2902-0581-4b6f-8a25-a8e2e0ed201f','sdf','2019-07-06 14:36:38'),('4d78d74f-d02c-49f1-854e-ed7df2df94c2','5464a7ba-4417-4a21-895d-0902bf4f9343','d13f2902-0581-4b6f-8a25-a8e2e0ed201f','df','2019-08-28 12:03:19'),('52a71349-b0a8-405f-9652-e9286d5cfd9f','5464a7ba-4417-4a21-895d-0902bf4f9343','d13f2902-0581-4b6f-8a25-a8e2e0ed201f','sdfsdf','2019-09-05 13:47:35'),('5628ff3f-542a-4969-ada5-2f6daf8df16d','5464a7ba-4417-4a21-895d-0902bf4f9343','d13f2902-0581-4b6f-8a25-a8e2e0ed201f','cg','2019-08-22 20:42:27'),('588bcf56-b880-4d1e-8908-806e96e8bea9','5464a7ba-4417-4a21-895d-0902bf4f9343','2e98d4b8-8cf0-4726-a2d5-285bf3b3adfc','?','2019-08-28 00:56:46'),('5be51823-9484-4c77-ba30-994dc88449bc','5464a7ba-4417-4a21-895d-0902bf4f9343','de41c5ba-b4a7-4d9b-8143-c4048d3f1931','asfasfa','2019-09-05 14:42:14'),('5c7ccb97-07ab-4419-9d3f-2959587ff7fe','5464a7ba-4417-4a21-895d-0902bf4f9343','2e98d4b8-8cf0-4726-a2d5-285bf3b3adfc','?','2019-08-28 01:22:21'),('5dbcfb68-3628-4c2c-b309-b3daa4e77ba6','5464a7ba-4417-4a21-895d-0902bf4f9343','d13f2902-0581-4b6f-8a25-a8e2e0ed201f','dfg','2019-09-05 13:28:39'),('60e96e4e-aa1b-475c-9859-732ab7d38a2b','bb26a902-3936-4113-bd9f-3262952817ef','de41c5ba-b4a7-4d9b-8143-c4048d3f1931','holy shit','2019-08-21 00:14:25'),('61f2109d-4555-400f-aa6b-f90f74bb49df','5464a7ba-4417-4a21-895d-0902bf4f9343','d13f2902-0581-4b6f-8a25-a8e2e0ed201f','g','2019-09-05 13:28:39'),('61f8a0d7-9a55-422c-965a-63f5d162f6a3','5464a7ba-4417-4a21-895d-0902bf4f9343','de41c5ba-b4a7-4d9b-8143-c4048d3f1931','asf','2019-09-05 14:42:12'),('651e0139-8a64-4be8-bf24-0e8d6e42b743','bb26a902-3936-4113-bd9f-3262952817ef','de41c5ba-b4a7-4d9b-8143-c4048d3f1931','OMRIII','2019-08-21 00:14:36'),('6656c8d6-f385-4eff-bf4a-9daa7e0eb2c3','5464a7ba-4417-4a21-895d-0902bf4f9343','2e98d4b8-8cf0-4726-a2d5-285bf3b3adfc','?','2019-08-28 01:23:17'),('6a5e2398-c42b-4c61-b965-7e9e0edc14f8','7d612d87-e2e9-4734-b6b2-b410b47d7995','f1e5304d-cadf-4858-bb80-5971e2f0104e','asdasfasfasfasf','2019-07-06 20:37:48'),('6b796ae3-33c7-45fe-a66a-5309af877dd0','bb26a902-3936-4113-bd9f-3262952817ef','de41c5ba-b4a7-4d9b-8143-c4048d3f1931','Alay','2019-08-21 00:14:40'),('6edc74eb-34f3-4cf8-ba5b-196740732073','5464a7ba-4417-4a21-895d-0902bf4f9343','2e98d4b8-8cf0-4726-a2d5-285bf3b3adfc','?','2019-08-28 01:52:35'),('6f093386-d148-49b2-8c51-afbae6e32023','bb26a902-3936-4113-bd9f-3262952817ef','de41c5ba-b4a7-4d9b-8143-c4048d3f1931','alay','2019-08-21 00:14:38'),('73d52fb7-d22c-4332-b49d-39c97fd128bf','5464a7ba-4417-4a21-895d-0902bf4f9343','de41c5ba-b4a7-4d9b-8143-c4048d3f1931','sf','2019-08-22 20:42:31'),('74f38b7f-b55c-424a-8a14-ad7280af8f1e','5464a7ba-4417-4a21-895d-0902bf4f9343','de41c5ba-b4a7-4d9b-8143-c4048d3f1931','asfasf','2019-08-28 12:17:42'),('794e3b2e-c7d1-485d-9b9e-7f63c3074422','5464a7ba-4417-4a21-895d-0902bf4f9343','de41c5ba-b4a7-4d9b-8143-c4048d3f1931','fs','2019-08-28 12:17:43'),('7aaa3fd5-6684-446d-bc87-d9fd343a4fe4','bb26a902-3936-4113-bd9f-3262952817ef','de41c5ba-b4a7-4d9b-8143-c4048d3f1931','dfghdfghdfh','2019-09-05 15:22:27'),('7caeaa8a-c594-4687-8057-3331569b5167','7d612d87-e2e9-4734-b6b2-b410b47d7995','f1e5304d-cadf-4858-bb80-5971e2f0104e','s','2019-07-06 20:37:40'),('7d0bf7a9-b7ea-4fe2-ae7e-865d9b0ac6eb','5464a7ba-4417-4a21-895d-0902bf4f9343','de41c5ba-b4a7-4d9b-8143-c4048d3f1931','asfasf','2019-09-05 14:42:12'),('80bcd28d-cc28-4044-9161-ca24d0924ebe','5464a7ba-4417-4a21-895d-0902bf4f9343','d13f2902-0581-4b6f-8a25-a8e2e0ed201f','sd','2019-07-06 14:36:37'),('83f3a88a-d491-431b-9fe7-93bad7ffa6e4','5464a7ba-4417-4a21-895d-0902bf4f9343','2e98d4b8-8cf0-4726-a2d5-285bf3b3adfc','?','2019-08-28 00:57:51'),('84d6c79f-17a7-453b-b8d7-740aae3fd6e6','5464a7ba-4417-4a21-895d-0902bf4f9343','de41c5ba-b4a7-4d9b-8143-c4048d3f1931','asfasfaf','2019-09-05 14:42:14'),('87c9b245-9fda-4c4a-bbc9-8740b56d0d47','5464a7ba-4417-4a21-895d-0902bf4f9343','de41c5ba-b4a7-4d9b-8143-c4048d3f1931','dsadsadasdasdasd','2019-09-05 14:49:07'),('87cdbb1c-67ca-49f0-aa76-3f11eb0d9c01','5464a7ba-4417-4a21-895d-0902bf4f9343','de41c5ba-b4a7-4d9b-8143-c4048d3f1931','safa','2019-08-28 12:17:43'),('8917f64e-617f-4f72-a7ef-75fd7a03623b','5464a7ba-4417-4a21-895d-0902bf4f9343','d13f2902-0581-4b6f-8a25-a8e2e0ed201f','df','2019-08-28 12:03:19'),('8a6bae5c-4192-4a8b-afb8-472a8f4d7554','5464a7ba-4417-4a21-895d-0902bf4f9343','d13f2902-0581-4b6f-8a25-a8e2e0ed201f','dfg','2019-09-05 13:28:37'),('8a6bea61-ff2e-4590-82fc-dcf65801b57d','bb26a902-3936-4113-bd9f-3262952817ef','de41c5ba-b4a7-4d9b-8143-c4048d3f1931','Hello','2019-08-21 00:14:17'),('8c3206e5-38a4-4a94-ba53-67987fa76887','5464a7ba-4417-4a21-895d-0902bf4f9343','de41c5ba-b4a7-4d9b-8143-c4048d3f1931','kjkjkjk','2019-09-05 15:26:26'),('8c6c898f-608d-44b3-b338-f88539df104d','bb26a902-3936-4113-bd9f-3262952817ef','de41c5ba-b4a7-4d9b-8143-c4048d3f1931','asfasf','2019-09-05 15:22:23'),('8c74dfa8-7901-4485-9a91-66b849d40bbd','5464a7ba-4417-4a21-895d-0902bf4f9343','de41c5ba-b4a7-4d9b-8143-c4048d3f1931','asf','2019-09-05 14:42:13'),('8d24b2f9-0da3-4227-ac96-fef2cfc8a93f','5464a7ba-4417-4a21-895d-0902bf4f9343','d13f2902-0581-4b6f-8a25-a8e2e0ed201f','fsd','2019-07-06 14:36:38'),('8d6205fc-34da-41d5-b73e-173716c8cb81','5464a7ba-4417-4a21-895d-0902bf4f9343','2e98d4b8-8cf0-4726-a2d5-285bf3b3adfc','?','2019-08-28 10:37:57'),('9026b830-8a1b-4d19-b2a8-6e429b5c24ad','5464a7ba-4417-4a21-895d-0902bf4f9343','d13f2902-0581-4b6f-8a25-a8e2e0ed201f','s','2019-07-06 14:36:36'),('9d471cfb-40d7-4e41-8fa8-6248c779e448','bb26a902-3936-4113-bd9f-3262952817ef','de41c5ba-b4a7-4d9b-8143-c4048d3f1931','asgasgasgasg','2019-09-07 11:58:55'),('9da04f3f-aa68-4f82-a8bc-cca2b09c13e2','5464a7ba-4417-4a21-895d-0902bf4f9343','d13f2902-0581-4b6f-8a25-a8e2e0ed201f','dfg','2019-09-05 13:28:39'),('9f2b96ae-ef4d-4818-9f86-0113204d930e','5464a7ba-4417-4a21-895d-0902bf4f9343','d13f2902-0581-4b6f-8a25-a8e2e0ed201f','f','2019-07-06 14:36:38'),('a1d04c60-86a5-4096-9825-fa8f09790529','5464a7ba-4417-4a21-895d-0902bf4f9343','d13f2902-0581-4b6f-8a25-a8e2e0ed201f','f','2019-07-06 14:36:38'),('a2a35c4e-1d87-4c26-adfd-6610bc9ea474','7d612d87-e2e9-4734-b6b2-b410b47d7995','f1e5304d-cadf-4858-bb80-5971e2f0104e','s','2019-07-06 20:37:41'),('a3519d81-2b96-4d5f-a7cd-95f4dc5d45c1','bb26a902-3936-4113-bd9f-3262952817ef','de41c5ba-b4a7-4d9b-8143-c4048d3f1931','fghjfgj','2019-09-07 11:58:50'),('a3625537-a319-49d5-a894-7e7ffea04f08','7d612d87-e2e9-4734-b6b2-b410b47d7995','f1e5304d-cadf-4858-bb80-5971e2f0104e','s','2019-07-06 20:37:39'),('a4307e55-ab55-4460-b6a4-467327fa63aa','5464a7ba-4417-4a21-895d-0902bf4f9343','d13f2902-0581-4b6f-8a25-a8e2e0ed201f','df','2019-08-28 12:03:19'),('a54b1169-6bb2-42fa-a82f-6928f833d135','5464a7ba-4417-4a21-895d-0902bf4f9343','d13f2902-0581-4b6f-8a25-a8e2e0ed201f','fdg','2019-09-05 13:28:38'),('a5e5833d-f386-48d3-b16d-1090b23af955','5464a7ba-4417-4a21-895d-0902bf4f9343','2e98d4b8-8cf0-4726-a2d5-285bf3b3adfc','?','2019-08-28 00:56:55'),('a68ac34c-3338-4ec8-a6d1-fa9f62458ea3','bb26a902-3936-4113-bd9f-3262952817ef','de41c5ba-b4a7-4d9b-8143-c4048d3f1931','asfasf','2019-09-05 15:22:20'),('a8f3f46b-718f-4a8d-8479-d9f3350aaee3','5464a7ba-4417-4a21-895d-0902bf4f9343','de41c5ba-b4a7-4d9b-8143-c4048d3f1931','sd','2019-08-28 12:17:45'),('abd441fc-9e9f-48be-a887-725c093b4eb5','5464a7ba-4417-4a21-895d-0902bf4f9343','2e98d4b8-8cf0-4726-a2d5-285bf3b3adfc','?','2019-08-28 02:14:55'),('ad7f9f9a-1725-4662-a555-a2dc1aeb7f55','5464a7ba-4417-4a21-895d-0902bf4f9343','d13f2902-0581-4b6f-8a25-a8e2e0ed201f','sd','2019-07-06 14:36:39'),('ae692471-f9d6-4899-84a3-310386928b4c','bb26a902-3936-4113-bd9f-3262952817ef','de41c5ba-b4a7-4d9b-8143-c4048d3f1931','asf','2019-09-05 15:22:20'),('aedb170c-3945-4afd-ab0a-d17c3574cbc5','5464a7ba-4417-4a21-895d-0902bf4f9343','d13f2902-0581-4b6f-8a25-a8e2e0ed201f','fs','2019-07-06 14:36:37'),('b126a728-e2e1-4cdd-9ab3-ab43701e3e0e','bb26a902-3936-4113-bd9f-3262952817ef','de41c5ba-b4a7-4d9b-8143-c4048d3f1931','fsdfsdfsdfsdfsfsd','2019-09-05 15:05:09'),('b3c67b44-8408-4096-85f6-50e7ab6b4792','bb26a902-3936-4113-bd9f-3262952817ef','de41c5ba-b4a7-4d9b-8143-c4048d3f1931','sd','2019-08-21 00:14:15'),('b3cae890-27f5-4436-817c-79f23e1bcdba','bb26a902-3936-4113-bd9f-3262952817ef','de41c5ba-b4a7-4d9b-8143-c4048d3f1931','asfasf','2019-09-05 15:22:19'),('b518e8c9-a6ed-451f-ac88-1e072a8e0f5d','5464a7ba-4417-4a21-895d-0902bf4f9343','d13f2902-0581-4b6f-8a25-a8e2e0ed201f','OMRI','2019-07-06 18:59:01'),('b570c7a2-5e15-4d69-904a-92b134da9f86','5464a7ba-4417-4a21-895d-0902bf4f9343','d13f2902-0581-4b6f-8a25-a8e2e0ed201f','sdf','2019-08-22 20:42:27'),('b6b43005-fc66-4671-b1c4-05655929a29e','5464a7ba-4417-4a21-895d-0902bf4f9343','2e98d4b8-8cf0-4726-a2d5-285bf3b3adfc','?','2019-08-28 00:57:50'),('b6c769e0-754f-40cc-a1bf-24bcac0949ee','5464a7ba-4417-4a21-895d-0902bf4f9343','de41c5ba-b4a7-4d9b-8143-c4048d3f1931','saasd','2019-09-05 14:49:06'),('b8a2f72b-b386-4aa7-ad3a-4cf66304449f','5464a7ba-4417-4a21-895d-0902bf4f9343','2e98d4b8-8cf0-4726-a2d5-285bf3b3adfc','?','2019-08-28 00:57:12'),('be89fd6f-4786-4fd5-bb62-8fc6c8d7028f','5464a7ba-4417-4a21-895d-0902bf4f9343','d13f2902-0581-4b6f-8a25-a8e2e0ed201f','sd','2019-07-06 14:36:38'),('bf0b45ab-66b1-431b-8547-4579991720e5','bb26a902-3936-4113-bd9f-3262952817ef','de41c5ba-b4a7-4d9b-8143-c4048d3f1931','SIma','2019-08-21 00:14:41'),('c3242ec8-ba8b-4012-ae92-50fc7ebf94c6','5464a7ba-4417-4a21-895d-0902bf4f9343','de41c5ba-b4a7-4d9b-8143-c4048d3f1931','dfhdfh','2019-09-05 15:26:18'),('c53d1fb2-fb9e-4db1-8b00-b05928f58458','5464a7ba-4417-4a21-895d-0902bf4f9343','de41c5ba-b4a7-4d9b-8143-c4048d3f1931','as','2019-08-28 12:17:46'),('c84d304e-b0b0-491b-88b0-5f4a0829ffc6','bb26a902-3936-4113-bd9f-3262952817ef','de41c5ba-b4a7-4d9b-8143-c4048d3f1931','asfsaf','2019-09-07 11:58:52'),('c98f096d-4d1d-45bd-9800-4c98b77847a4','5464a7ba-4417-4a21-895d-0902bf4f9343','2e98d4b8-8cf0-4726-a2d5-285bf3b3adfc','?','2019-08-28 00:55:26'),('c9e0e1db-994a-4060-9056-0b80f26015ab','5464a7ba-4417-4a21-895d-0902bf4f9343','de41c5ba-b4a7-4d9b-8143-c4048d3f1931','safasf','2019-08-22 20:42:30'),('ccc458ba-5382-41f1-a67f-b70339db6fae','5464a7ba-4417-4a21-895d-0902bf4f9343','de41c5ba-b4a7-4d9b-8143-c4048d3f1931','asfasfasf','2019-09-05 14:42:12'),('cdc61ea7-ca2d-4799-8a42-cea66853d55a','5464a7ba-4417-4a21-895d-0902bf4f9343','d13f2902-0581-4b6f-8a25-a8e2e0ed201f','sdf','2019-07-06 14:36:37'),('cf34a5f4-da8b-49ad-adf3-9f03502ddbdd','5464a7ba-4417-4a21-895d-0902bf4f9343','de41c5ba-b4a7-4d9b-8143-c4048d3f1931','dflkghdfkjlgh','2019-09-05 15:26:22'),('d10e33d0-df2d-45eb-93aa-468157d7dc5e','5464a7ba-4417-4a21-895d-0902bf4f9343','2e98d4b8-8cf0-4726-a2d5-285bf3b3adfc','?','2019-08-28 01:29:08'),('d4018471-c843-4168-afdd-a29f9aa52fb2','5464a7ba-4417-4a21-895d-0902bf4f9343','d13f2902-0581-4b6f-8a25-a8e2e0ed201f','dfgdfg','2019-09-05 13:28:38'),('d9ea2a4b-cebc-4c33-909d-bd77682a7417','5464a7ba-4417-4a21-895d-0902bf4f9343','de41c5ba-b4a7-4d9b-8143-c4048d3f1931','fghghfghfghfgh','2019-09-05 15:26:16'),('ddc675fc-9a82-4d68-87fa-85189ac390b2','5464a7ba-4417-4a21-895d-0902bf4f9343','de41c5ba-b4a7-4d9b-8143-c4048d3f1931','dfdfh','2019-09-05 15:26:17'),('df0ad596-d3b3-4712-a87d-b0482652eac1','5464a7ba-4417-4a21-895d-0902bf4f9343','2e98d4b8-8cf0-4726-a2d5-285bf3b3adfc','?','2019-08-28 00:57:12'),('e0426e69-2193-4774-97fa-93ab484c0917','5464a7ba-4417-4a21-895d-0902bf4f9343','d13f2902-0581-4b6f-8a25-a8e2e0ed201f','gfg','2019-09-05 13:28:37'),('e0d49994-ff69-490c-b5de-6814b16a9e82','bb26a902-3936-4113-bd9f-3262952817ef','de41c5ba-b4a7-4d9b-8143-c4048d3f1931','macOS support is Real','2019-08-21 00:14:22'),('e1097f7b-0174-4d09-b79c-b86ef3a5f594','5464a7ba-4417-4a21-895d-0902bf4f9343','d13f2902-0581-4b6f-8a25-a8e2e0ed201f','s','2019-07-06 14:36:35'),('e117d768-c63e-43cc-8ef3-24c733c59f25','5464a7ba-4417-4a21-895d-0902bf4f9343','de41c5ba-b4a7-4d9b-8143-c4048d3f1931','safs','2019-08-22 20:42:31'),('e2c08539-a012-43df-969a-fffe798dd214','5464a7ba-4417-4a21-895d-0902bf4f9343','d13f2902-0581-4b6f-8a25-a8e2e0ed201f','sf','2019-08-22 20:42:27'),('e67a73f2-34e9-4e0d-bf85-a18fd01be93d','bb26a902-3936-4113-bd9f-3262952817ef','de41c5ba-b4a7-4d9b-8143-c4048d3f1931','asfasf','2019-09-07 11:58:53'),('e8b6f722-8068-45d6-b9a7-5dadb51abec4','5464a7ba-4417-4a21-895d-0902bf4f9343','de41c5ba-b4a7-4d9b-8143-c4048d3f1931','asfas','2019-09-05 14:42:14'),('e9444714-f76d-41fd-8d36-be657e079751','5464a7ba-4417-4a21-895d-0902bf4f9343','d13f2902-0581-4b6f-8a25-a8e2e0ed201f','dfg','2019-09-05 13:28:39'),('ea8b5ffe-e110-463e-92ae-3da51a362dcc','5464a7ba-4417-4a21-895d-0902bf4f9343','de41c5ba-b4a7-4d9b-8143-c4048d3f1931','sfa','2019-08-22 20:42:31'),('ec780d98-f03b-444a-8319-4a75ab3644a7','bb26a902-3936-4113-bd9f-3262952817ef','de41c5ba-b4a7-4d9b-8143-c4048d3f1931','sdgsdgsdgssdgsdgsdgs','2019-09-05 15:22:51'),('ecb67e8f-60fb-4a4e-972f-a6b41cfd1090','5464a7ba-4417-4a21-895d-0902bf4f9343','de41c5ba-b4a7-4d9b-8143-c4048d3f1931','af','2019-08-28 12:17:45'),('ed137400-c368-4cea-840f-e3bfd68502d6','5464a7ba-4417-4a21-895d-0902bf4f9343','2e98d4b8-8cf0-4726-a2d5-285bf3b3adfc','?','2019-08-28 01:31:45'),('ee691635-fc20-4f32-937f-69fb65621a5a','5464a7ba-4417-4a21-895d-0902bf4f9343','de41c5ba-b4a7-4d9b-8143-c4048d3f1931','dfsdf','2019-09-05 14:17:42'),('eefaf78b-dae0-4a71-839c-c0c36304c083','bb26a902-3936-4113-bd9f-3262952817ef','de41c5ba-b4a7-4d9b-8143-c4048d3f1931','sima','2019-08-21 00:14:37'),('efac2611-9ab1-49a4-aef4-0e39bbe36e78','5464a7ba-4417-4a21-895d-0902bf4f9343','de41c5ba-b4a7-4d9b-8143-c4048d3f1931','asd','2019-08-28 12:17:46'),('f0412a33-fe49-41ee-bb25-5c32e6094ae2','5464a7ba-4417-4a21-895d-0902bf4f9343','d13f2902-0581-4b6f-8a25-a8e2e0ed201f','f','2019-07-06 14:36:37'),('f0a7d402-94ab-4d39-8102-ae684dc2b054','5464a7ba-4417-4a21-895d-0902bf4f9343','d13f2902-0581-4b6f-8a25-a8e2e0ed201f','s','2019-07-06 14:36:34'),('f0c99ec7-cd84-45ce-a6df-2621855ca9a1','5464a7ba-4417-4a21-895d-0902bf4f9343','d13f2902-0581-4b6f-8a25-a8e2e0ed201f','sddf','2019-08-22 20:42:27'),('f192e503-ecc2-4e67-a752-a7a1eadecc89','5464a7ba-4417-4a21-895d-0902bf4f9343','2e98d4b8-8cf0-4726-a2d5-285bf3b3adfc','?','2019-08-28 10:37:27'),('f7bd9e15-ec7e-4708-bc50-8228df3ae28b','5464a7ba-4417-4a21-895d-0902bf4f9343','d13f2902-0581-4b6f-8a25-a8e2e0ed201f','sdf','2019-07-06 14:36:37'),('fa648c21-d273-46f0-b2dc-14201f678191','5464a7ba-4417-4a21-895d-0902bf4f9343','de41c5ba-b4a7-4d9b-8143-c4048d3f1931','af','2019-08-22 20:42:30'),('fbbf5d02-c90f-4926-b0a7-aa1ba4ffbe78','7d612d87-e2e9-4734-b6b2-b410b47d7995','f1e5304d-cadf-4858-bb80-5971e2f0104e','? ? ? ? ? ? ? ? ? ? ? ? ? ? ? ? ? ? ☺️ ? ? ? ? ? ? ? ? ? ? ? ? ? ? ? ? ? ? ? ? ? ? ? ? ? ? ? ? ? ? ☹️ ? ? ? ? ? ? ? ? ? ? ? ? ? ? ? ? ? ? ? ? ? ? ? ? ? ? ? ? ? ? ? ? ? ? ? ? ? ? ? ? ? ? ? ? ? ? ? ? ? ? ? ? ? ? ? ? ? ?\n\nPeople and Fantasy\n? ? ? ? ? ? ? ? ? ? ? ?‍♀️ ?‍♂️ ? ? ?‍♂️ ?‍♀️ ?‍? ?‍? ?‍? ?‍? ?‍? ?‍? ?‍? ?‍? ?‍♀️ ?‍♂️ ?‍♀️ ?‍♂️ ?‍♀️ ?‍♂️ ?‍♀️ ?‍♂️ ?‍♀️ ?‍♂️ ?️‍♀️ ?️‍♂️ ?‍⚕️ ?‍⚕️ ?‍? ?‍? ?‍? ?‍? ?‍? ?‍? ?‍? ?‍? ?‍? ?‍? ?‍? ?‍? ?‍? ?‍? ?‍? ?‍? ?‍? ?‍? ?‍? ?‍? ?‍? ?‍? ?‍? ?‍? ?‍✈️ ?‍✈️ ?‍? ?‍? ?‍⚖️ ?‍⚖️ ? ? ? ? ? ? ?‍♀️ ?‍♂️ ?‍♀️ ?‍♂️ ?‍♀️ ?‍♂️ ?‍♀️ ?‍♂️ ?‍♀️ ?‍♂️ ?‍♀️ ?‍♂️ ?‍♀️ ?‍♂️ ? ? ? ?‍♀️ ?‍♂️ ?‍♀️ ?‍♂️ ?‍♀️ ?‍♂️ ?‍♀️ ?‍♂️ ?‍♀️ ?‍♂️ ?‍♀️ ?‍♂️ ?‍♀️ ?‍♂️ ?‍♀️ ?‍♂️ ?‍♀️ ?‍♂️ ?‍♀️ ?‍♂️ ?‍♀️ ?‍♂️ ?‍♀️ ?‍♂️ ? ? ? ? ?‍♀️ ?‍♂️ ? ?‍♀️ ?‍♂️ ?‍♀️ ?‍♂️ ? ? ? ? ?‍❤️‍? ?‍❤️‍? ? ?‍❤️‍?‍? ?‍❤️‍?‍? ? ?‍?‍? ?‍?‍?‍? ?‍?‍?‍? ?‍?‍?‍? ?‍?‍? ?‍?‍? ?‍?‍?‍? ?‍?‍?‍? ?‍?‍?‍? ?‍?‍? ?‍?‍? ?‍?‍?‍? ?‍?‍?‍? ?‍?‍?‍? ?‍? ?‍? ?‍?‍? ?‍?‍? ?‍?‍? ?‍? ?‍? ?‍?‍? ?‍?‍? ?‍?‍? ? ? ? ? ? ? ? ? ✊ ? ? ? ✌️ ? ? ? ? ? ? ? ☝️ ✋ ? ? ? ? ? ? ? ? ? ✍️ ? ? ? ? ? ? ? ? ? ? ? ? ? ? ? ? ?\n\nClothing and Accessories\n? ? ? ? ? ? ? ? ? ? ? ? ? ? ? ? ? ? ? ? ? ? ⛑ ? ? ? ? ? ? ? ? ? ? ? ? ?\n\nPale Emojis\n?? ?? ?? ?? ?? ??‍♀️ ?? ?? ?? ?? ??‍♀️ ?? ??‍♀️ ?? ??‍♀️ ?? ??‍♀️ ?? ??‍♀️ ?? ??‍⚕️ ??‍⚕️ ??‍? ??‍? ??‍? ??‍? ??‍? ??‍? ??‍? ??‍? ??‍? ??‍? ??‍? ??‍? ??‍? ??‍? ??‍? ??‍? ??‍? ??‍? ??‍? ??‍? ??‍? ??‍? ??‍? ??‍? ??‍✈️ ??‍✈️ ??‍? ??‍? ??‍⚖️ ??‍⚖️ ?? ?? ?? ?? ?? ?? ?? ?? ??‍♀️ ?? ?? ??‍♂️ ?? ??‍♂️ ?? ??‍♂️ ?? ??‍♂️ ??‍♀️ ??‍♂️ ??‍♀️ ??‍♂️ ?? ??‍♂️ ?? ??‍♂️ ?? ??‍♂️ ?? ??‍♂️ ?? ?? ?? ??‍♀️ ?? ??‍♀️ ?? ?? ?? ?? ?? ?? ?? ?? ?? ✊? ?? ?? ?? ✌? ?? ?? ?? ?? ?? ?? ?? ☝? ✋? ?? ?? ?? ?? ?? ?? ?? ✍? ?? ?? ?? ??\n\nCream White Emojis\n?? ?? ?? ?? ?? ??‍♀️ ?? ?? ?? ?? ??‍♀️ ?? ??‍♀️ ?? ??‍♀️ ?? ??‍♀️ ?? ??‍♀️ ?? ??‍⚕️ ??‍⚕️ ??‍? ??‍? ??‍? ??‍? ??‍? ??‍? ??‍? ??‍? ??‍? ??‍? ??‍? ??‍? ??‍? ??‍? ??‍? ??‍? ??‍? ??‍? ??‍? ??‍? ??‍? ??‍? ??‍? ??‍? ??‍✈️ ??‍✈️ ??‍? ??‍? ??‍⚖️ ??‍⚖️ ?? ?? ?? ?? ?? ?? ?? ?? ??‍♀️ ?? ?? ??‍♂️ ?? ??‍♂️ ?? ??‍♂️ ?? ??‍♂️ ??‍♀️ ??‍♂️ ??‍♀️ ??‍♂️ ?? ??‍♂️ ?? ??‍♂️ ?? ??‍♂️ ?? ??‍♂️ ?? ?? ?? ??‍♀️ ?? ??‍♀️ ?? ?? ?? ?? ?? ?? ?? ?? ?? ✊? ?? ?? ?? ✌? ?? ?? ?? ?? ?? ?? ?? ☝? ✋? ?? ?? ?? ?? ?? ?? ?? ✍? ?? ?? ?? ??\n\nModerate Brown Emojis\n?? ?? ?? ?? ?? ??‍♀️ ?? ?? ?? ?? ??‍♀️ ?? ??‍♀️ ?? ??‍♀️ ?? ??‍♀️ ?? ??‍♀️ ?? ??‍⚕️ ??‍⚕️ ??‍? ??‍? ??‍? ??‍? ??‍? ??‍? ??‍? ??‍? ??‍? ??‍? ??‍? ??‍? ??‍? ??‍? ??‍? ??‍? ??‍? ??‍? ??‍? ??‍? ??‍? ??‍? ??‍? ??‍? ??‍✈️ ??‍✈️ ??‍? ??‍? ??‍⚖️ ??‍⚖️ ?? ?? ?? ?? ?? ?? ?? ?? ??‍♀️ ?? ?? ??‍♂️ ?? ??‍♂️ ?? ??‍♂️ ?? ??‍♂️ ??‍♀️ ??‍♂️ ??‍♀️ ??‍♂️ ?? ??‍♂️ ?? ??‍♂️ ?? ??‍♂️ ?? ??‍♂️ ?? ?? ?? ??‍♀️ ?? ??‍♀️ ?? ?? ?? ?? ?? ?? ?? ?? ?? ✊? ?? ?? ?? ✌? ?? ?? ?? ?? ?? ?? ?? ☝? ✋? ?? ?? ?? ?? ?? ?? ?? ✍? ?? ?? ?? ??\n\nDark Brown Emojis\n?? ?? ?? ?? ?? ??‍♀️ ?? ?? ?? ?? ??‍♀️ ?? ??‍♀️ ?? ??‍♀️ ?? ??‍♀️ ?? ??‍♀️ ?? ??‍⚕️ ??‍⚕️ ??‍? ??‍? ??‍? ??‍? ??‍? ??‍? ??‍? ??‍? ??‍? ??‍? ??‍? ??‍? ??‍? ??‍? ??‍? ??‍? ??‍? ??‍? ??‍? ??‍? ??‍? ??‍? ??‍? ??‍? ??‍✈️ ??‍✈️ ??‍? ??‍? ??‍⚖️ ??‍⚖️ ?? ?? ?? ?? ?? ?? ?? ?? ??‍♀️ ?? ?? ??‍♂️ ?? ??‍♂️ ?? ??‍♂️ ?? ??‍♂️ ??‍♀️ ??‍♂️ ??‍♀️ ??‍♂️ ?? ??‍♂️ ?? ??‍♂️ ?? ??‍♂️ ?? ??‍♂️ ?? ?? ?? ??‍♀️ ?? ??‍♀️ ?? ?? ?? ?? ?? ?? ?? ?? ?? ✊? ?? ?? ?? ✌? ?? ?? ?? ?? ?? ?? ?? ☝? ✋? ?? ?? ?? ?? ?? ?? ?? ✍? ?? ?? ?? ??\n\nBlack Emojis\n?? ?? ?? ?? ?? ??‍♀️ ?? ?? ?? ?? ??‍♀️ ?? ??‍♀️ ?? ??‍♀️ ?? ??‍♀️ ?? ??‍♀️ ?? ??‍⚕️ ??‍⚕️ ??‍? ??‍? ??‍? ??‍? ??‍? ??‍? ??‍? ??‍? ??‍? ??‍? ??‍? ??‍? ??‍? ??‍? ??‍? ??‍? ??‍? ??‍? ??‍? ??‍? ??‍? ??‍? ??‍? ??‍? ??‍✈️ ??‍✈️ ??‍? ??‍? ??‍⚖️ ??‍⚖️ ?? ?? ?? ?? ?? ?? ?? ?? ??‍♀️ ?? ?? ??‍♂️ ?? ??‍♂️ ?? ??‍♂️ ?? ??‍♂️ ??‍♀️ ??‍♂️ ??‍♀️ ??‍♂️ ?? ??‍♂️ ?? ??‍♂️ ?? ??‍♂️ ?? ??‍♂️ ?? ?? ?? ??‍♀️ ?? ??‍♀️ ?? ?? ?? ?? ?? ?? ?? ?? ?? ✊? ?? ?? ?? ✌? ?? ?? ?? ?? ?? ?? ?? ☝? ✋? ?? ?? ?? ?? ?? ?? ?? ✍? ?? ?? ?? ??\n\nAnimals & Nature\nFind emojis by name or description\n? ? ? ? ? ? ? ? ? ? ? ? ? ? ? ? ? ? ? ? ? ? ? ? ? ? ? ? ? ? ? ? ? ? ? ? ? ? ? ? ? ? ? ? ? ? ? ? ? ? ? ? ? ? ? ? ? ? ? ? ? ? ? ? ? ? ? ? ? ? ? ? ? ? ? ? ? ? ? ? ? ? ? ? ? ? ? ? ? ? ? ? ? ? ? ? ? ? ? ? ? ? ? ? ? ? ? ? ? ? ? ☘️ ? ? ? ? ? ? ? ? ? ? ? ? ? ? ? ? ? ? ? ? ? ? ? ? ? ? ? ? ? ? ? ? ? ? ⭐️ ? ✨ ⚡️ ☄️ ? ? ? ? ☀️ ? ⛅️ ? ☁️ ? ? ⛈ ? ? ❄️ ☃️ ⛄️ ? ? ? ? ☔️ ☂️ ? ?\n\nFood & Drink\nFind emojis by name or description\n? ? ? ? ? ? ? ? ? ? ? ? ? ? ? ? ? ? ? ? ? ? ? ? ? ? ? ? ? ? ? ? ? ? ? ? ? ? ? ? ? ? ? ? ? ? ? ? ? ? ? ? ? ? ? ? ? ? ? ? ? ? ? ? ? ? ? ? ? ? ? ? ? ? ? ? ? ? ? ? ? ? ? ? ? ? ☕️ ? ? ? ? ? ? ? ? ? ? ? ? ? ? ? ? ?\n\nActivity and Sports\nFind emojis by name or description\n⚽️ ? ? ⚾️ ? ? ? ? ? ? ? ? ? ? ? ? ? ⛳️ ? ? ? ? ? ⛸ ? ? ? ? ⛷ ? ?️‍♀️ ??‍♀️ ??‍♀️ ??‍♀️ ??‍♀️ ??‍♀️ ?️‍♂️ ??‍♂️ ??‍♂️ ??‍♂️ ??‍♂️ ??‍♂️ ?‍♀️ ?‍♂️ ?‍♀️ ??‍♀️ ??‍♀️ ??‍♀️ ??‍♀️ ??‍♀️ ?‍♂️ ??‍♂️ ??‍♂️ ??‍♂️ ??‍♂️ ??‍♂️ ⛹️‍♀️ ⛹?‍♀️ ⛹?‍♀️ ⛹?‍♀️ ⛹?‍♀️ ⛹?‍♀️ ⛹️‍♂️ ⛹?‍♂️ ⛹?‍♂️ ⛹?‍♂️ ⛹?‍♂️ ⛹?‍♂️ ? ?‍♀️ ??‍♀️ ??‍♀️ ??‍♀️ ??‍♀️ ??‍♀️ ?‍♂️ ??‍♂️ ??‍♂️ ??‍♂️ ??‍♂️ ??‍♂️ ?️‍♀️ ??‍♀️ ??‍♀️ ??‍♀️ ??‍♀️ ??‍♀️ ?️‍♂️ ??‍♂️ ??‍♂️ ??‍♂️ ??‍♂️ ??‍♂️ ? ?? ?? ?? ?? ?? ?‍♀️ ??‍♀️ ??‍♀️ ??‍♀️ ??‍♀️ ??‍♀️ ?‍♂️ ??‍♂️ ??‍♂️ ??‍♂️ ??‍♂️ ??‍♂️ ?‍♀️ ??‍♀️ ??‍♀️ ??‍♀️ ??‍♀️ ??‍♀️ ?‍♂️ ??‍♂️ ??‍♂️ ??‍♂️ ??‍♂️ ??‍♂️ ?‍♀️ ??‍♀️ ??‍♀️ ??‍♀️ ??‍♀️ ??‍♀️ ?‍♂️ ??‍♂️ ??‍♂️ ??‍♂️ ??‍♂️ ??‍♂️ ?‍♀️ ??‍♀️ ??‍♀️ ??‍♀️ ??‍♀️ ??‍♀️ ?‍♂️ ??‍♂️ ??‍♂️ ??‍♂️ ??‍♂️ ??‍♂️ ?‍♀️ ??‍♀️ ??‍♀️ ??‍♀️ ??‍♀️ ??‍♀️ ?‍♂️ ??‍♂️ ??‍♂️ ??‍♂️ ??‍♂️ ??‍♂️ ?‍♀️ ??‍♀️ ??‍♀️ ??‍♀️ ??‍♀️ ??‍♀️ ?‍♂️ ??‍♂️ ??‍♂️ ??‍♂️ ??‍♂️ ??‍♂️ ?‍♀️ ??‍♀️ ??‍♀️ ??‍♀️ ??‍♀️ ??‍♀️ ?‍♂️ ??‍♂️ ??‍♂️ ??‍♂️ ??‍♂️ ??‍♂️ ?‍♀️ ??‍♀️ ??‍♀️ ??‍♀️ ??‍♀️ ??‍♀️ ?‍♂️ ??‍♂️ ??‍♂️ ??‍♂️ ??‍♂️ ??‍♂️ ? ? ? ? ? ? ? ? ? ? ? ?‍♀️ ??‍♀️ ??‍♀️ ??‍♀️ ??‍♀️ ??‍♀️ ?‍♂️ ??‍♂️ ??‍♂️ ??‍♂️ ??‍♂️ ??‍♂️ ? ? ? ? ? ? ? ? ? ? ? ? ? ? ♟ ? ? ? ?\n\nTravel & Places\nFind emojis by name or description\n? ? ? ? ? ? ? ? ? ? ? ? ? ? ? ? ? ? ? ? ? ? ? ? ? ? ? ? ? ? ? ? ? ? ? ? ? ✈️ ? ? ? ? ? ? ? ? ? ⛵️ ? ? ? ⛴ ? ⚓️ ⛽️ ? ? ? ? ? ? ? ? ? ? ? ? ? ? ⛲️ ⛱ ? ? ? ? ⛰ ? ? ? ⛺️ ? ? ? ? ? ? ? ? ? ? ? ? ? ? ? ? ? ? ⛪️ ? ? ? ⛩ ? ? ? ? ? ? ? ? ? ? ? ? ? ? ? ? ?\n\nObjects\nFind emojis by name or description\n? Try Audible today to get ?? two free Audiobooks of your choice.\n\n⌚️ ? ? ? ⌨️ ? ? ? ? ? ? ? ? ? ? ? ? ? ? ? ? ? ? ☎️ ? ? ? ? ? ? ? ⏱ ⏲ ⏰ ? ⌛️ ⏳ ? ? ? ? ? ? ? ? ? ? ? ? ? ? ? ? ? ⚖️ ? ? ⚒ ? ⛏ ? ⚙️ ⛓ ? ? ? ? ⚔️ ? ? ⚰️ ⚱️ ? ? ? ? ? ? ? ? ⚗️ ? ? ? ? ? ? ? ? ? ? ? ? ? ? ? ? ? ?? ?? ?? ?? ?? ? ? ? ? ? ? ? ? ? ? ? ? ? ? ? ? ? ? ? ? ? ? ? ? ? ? ? ? ? ? ? ✉️ ? ? ? ? ? ? ? ? ? ? ? ? ? ? ? ? ? ? ? ? ? ? ? ? ? ? ? ? ? ? ? ? ? ? ? ? ? ? ? ? ? ? ? ? ? ? ? ? ? ? ? ? ✂️ ? ? ✒️ ? ? ? ✏️ ? ? ? ? ? ?\n\nSymbols\nFind emojis by name or description\n❤️ ? ? ? ? ? ? ? ❣️ ? ? ? ? ? ? ? ? ☮️ ✝️ ☪️ ? ☸️ ✡️ ? ? ☯️ ☦️ ? ⛎ ♈️ ♉️ ♊️ ♋️ ♌️ ♍️ ♎️ ♏️ ♐️ ♑️ ♒️ ♓️ ? ⚛️ ? ☢️ ☣️ ? ? ? ?️ ? ? ?️ ✴️ ? ? ? ㊙️ ㊗️ ? ? ? ? ?️ ?️ ? ? ?️ ? ❌ ⭕️ ? ⛔️ ? ? ? ? ♨️ ? ? ? ? ? ? ? ❗️ ❕ ❓ ❔ ‼️ ⁉️ ? ? 〽️ ⚠️ ? ? ⚜️ ? ♻️ ✅ ?️ ? ❇️ ✳️ ❎ ? ? Ⓜ️ ? ? ? ? ♿️ ?️ ? ?️ ? ? ? ? ? ? ? ? ? ? ? ? ? ℹ️ ? ? ? ? ? ? ? ? ? 0️⃣ 1️⃣ 2️⃣ 3️⃣ 4️⃣ 5️⃣ 6️⃣ 7️⃣ 8️⃣ 9️⃣ ? ? #️⃣ *️⃣ ⏏️ ▶️ ⏸ ⏯ ⏹ ⏺ ⏭ ⏮ ⏩ ⏪ ⏫ ⏬ ◀️ ? ? ➡️ ⬅️ ⬆️ ⬇️ ↗️ ↘️ ↙️ ↖️ ↕️ ↔️ ↪️ ↩️ ⤴️ ⤵️ ? ? ? ? ? ? ? ➕ ➖ ➗ ✖️ ♾ ? ? ™️ ©️ ®️ 〰️ ➰ ➿ ? ? ? ? ? ✔️ ☑️ ? ⚪️ ⚫️ ? ? ? ? ? ? ? ? ? ? ▪️ ▫️ ◾️ ◽️ ◼️ ◻️ ⬛️ ⬜️ ? ? ? ? ? ? ? ? ?‍? ? ? ? ♠️ ♣️ ♥️ ♦️ ? ? ?️ ? ? ? ? ? ? ? ? ? ? ? ? ? ? ? ? ? ? ? ? ? ? ? ?\n\nFlags\nFind emojis by name or description\nAll flag emojis for every country.\n\n?️ ? ? ? ?️‍? ?‍☠️ ?? ?? ?? ?? ?? ?? ?? ?? ?? ?? ?? ?? ?? ?? ?? ?? ?? ?? ?? ?? ?? ?? ?? ?? ?? ?? ?? ?? ?? ?? ?? ?? ?? ?? ?? ?? ?? ?? ?? ?? ?? ?? ?? ?? ?? ?? ?? ?? ?? ?? ?? ?? ?? ?? ?? ?? ?? ?? ?? ?? ?? ?? ?? ?? ?? ?? ?? ?? ?? ?? ?? ?? ?? ?? ?? ?? ?? ?? ?? ?? ?? ?? ?? ?? ?? ?? ?? ?? ?? ?? ?? ?? ?? ?? ?? ?? ?? ?? ?? ?? ?? ?? ?? ?? ?? ?? ?? ?? ?? ?? ?? ?? ? ?? ?? ?? ?? ?? ?? ?? ?? ?? ?? ?? ?? ?? ?? ?? ?? ?? ?? ?? ?? ?? ?? ?? ?? ?? ?? ?? ?? ?? ?? ?? ?? ?? ?? ?? ?? ?? ?? ?? ?? ?? ?? ?? ?? ?? ?? ?? ?? ?? ?? ?? ?? ?? ?? ?? ?? ?? ?? ?? ?? ?? ?? ?? ?? ?? ?? ?? ?? ?? ?? ?? ?? ?? ?? ?? ?? ?? ?? ?? ?? ?? ?? ?? ?? ?? ?? ?? ?? ?? ?? ?? ?? ?? ?? ?? ?? ?? ?? ?? ?? ?? ?? ?? ?? ?? ?? ?? ?? ?? ?? ?? ?? ?? ?? ?? ?? ?? ?? ?? ?? ?? ?? ??????? ??????? ??????? ?? ?? ?? ?? ?? ?? ?? ?? ?? ?? ?? ?? ??\n\n?? People • ?? Animals • ?? Food • ?⚽️ Activities • ?? Travel • ?? Objects • ?? Symbols • ??️‍? Flags\n\nNew Emojis\nFind emojis by name or description\nEmojis from Emoji 11.0: New in 2018.\n\n? ? ? ? ? ? ?‍? ?‍? ?‍? ?‍? ?‍? ?‍? ?‍? ?‍? ? ?‍♀️ ?‍♂️ ? ?‍♀️ ?‍♂️ ? ? ? ? ? ? ? ? ? ? ? ? ? ? ? ? ? ? ? ? ? ? ? ? ? ? ? ? ? ? ? ? ? ? ? ? ? ♟ ? ? ? ? ? ? ? ? ? ? ? ? ? ? ? ? ? ♾ ?‍☠️','2019-07-06 20:38:04'),('fe8b303e-4da6-4532-8a5a-5edb52bddecd','5464a7ba-4417-4a21-895d-0902bf4f9343','de41c5ba-b4a7-4d9b-8143-c4048d3f1931','fd','2019-09-05 15:26:12'),('ffd40745-bdf5-47a2-9b11-2ba22e8b0ee9','5464a7ba-4417-4a21-895d-0902bf4f9343','d13f2902-0581-4b6f-8a25-a8e2e0ed201f','s','2019-07-06 14:36:36');
/*!40000 ALTER TABLE `messages` ENABLE KEYS */;
UNLOCK TABLES;

--
-- Temporary view structure for view `profiles`
--

DROP TABLE IF EXISTS `profiles`;
/*!50001 DROP VIEW IF EXISTS `profiles`*/;
SET @saved_cs_client     = @@character_set_client;
SET character_set_client = utf8mb4;
/*!50001 CREATE VIEW `profiles` AS SELECT 
 1 AS `id`,
 1 AS `nickname`,
 1 AS `tag`*/;
SET character_set_client = @saved_cs_client;

--
-- Table structure for table `sessions`
--

DROP TABLE IF EXISTS `sessions`;
/*!40101 SET @saved_cs_client     = @@character_set_client */;
 SET character_set_client = utf8mb4 ;
CREATE TABLE `sessions` (
  `session_id` varchar(36) NOT NULL,
  `user_id` varchar(36) NOT NULL,
  `created_at` timestamp NOT NULL DEFAULT CURRENT_TIMESTAMP,
  PRIMARY KEY (`session_id`,`user_id`),
  UNIQUE KEY `session_id_UNIQUE` (`session_id`),
  KEY `user_id_fk_idx` (`user_id`),
  CONSTRAINT `sessions_user_id_fk` FOREIGN KEY (`user_id`) REFERENCES `users` (`id`) ON DELETE CASCADE ON UPDATE RESTRICT
) ENGINE=InnoDB DEFAULT CHARSET=utf8mb4 COLLATE=utf8mb4_0900_ai_ci;
/*!40101 SET character_set_client = @saved_cs_client */;

--
-- Dumping data for table `sessions`
--

LOCK TABLES `sessions` WRITE;
/*!40000 ALTER TABLE `sessions` DISABLE KEYS */;
INSERT INTO `sessions` VALUES ('00704f62-afe2-411e-8a91-8b2e67dbcf72','bb26a902-3936-4113-bd9f-3262952817ef','2019-08-20 18:21:08'),('01feb86a-2087-4a7a-a898-67f41c19f3c8','5464a7ba-4417-4a21-895d-0902bf4f9343','2019-08-28 01:21:52'),('021ce80b-14a1-4b5b-9d69-47d6a96ddcc3','5464a7ba-4417-4a21-895d-0902bf4f9343','2019-08-28 00:56:46'),('030733ac-a4eb-449a-9ac3-d348379f4bde','7d612d87-e2e9-4734-b6b2-b410b47d7995','2019-07-06 20:11:12'),('03ecf278-457b-4ad2-9aa7-16932327c7e3','5464a7ba-4417-4a21-895d-0902bf4f9343','2019-08-28 01:29:08'),('079da9e6-eaa3-4e13-8c8a-9cf504cfbeb7','5464a7ba-4417-4a21-895d-0902bf4f9343','2019-08-28 00:57:51'),('0ee4a42d-592f-45e1-bbd6-e1f3a132c18f','bb26a902-3936-4113-bd9f-3262952817ef','2019-08-25 13:02:57'),('0f4c10fc-0e06-4f7a-8321-21712353525a','5464a7ba-4417-4a21-895d-0902bf4f9343','2019-08-28 00:57:42'),('1166cea9-0d0d-425b-9251-bd1a6e992985','bb26a902-3936-4113-bd9f-3262952817ef','2019-09-07 11:58:43'),('18e33407-920a-47d5-9242-98c6b187048d','7d612d87-e2e9-4734-b6b2-b410b47d7995','2019-07-06 20:40:55'),('1bd5e46c-b7ed-4306-840f-aaaa4e8c0d84','bb26a902-3936-4113-bd9f-3262952817ef','2019-08-30 10:30:11'),('2645c64f-5d6b-4a02-b776-481bfe243537','bb26a902-3936-4113-bd9f-3262952817ef','2019-08-21 00:09:08'),('27ec0469-c8aa-49b1-9d91-55f1951d74ff','5464a7ba-4417-4a21-895d-0902bf4f9343','2019-08-31 19:24:51'),('29bfbe63-86bc-456e-8992-f57ef50dd1c7','bb26a902-3936-4113-bd9f-3262952817ef','2019-08-21 00:02:33'),('2bd15d00-72d6-4c62-8e42-7933ddf0f760','bb26a902-3936-4113-bd9f-3262952817ef','2019-08-22 21:11:55'),('2dab8084-540f-4530-ad21-2094c1edc3a0','7d612d87-e2e9-4734-b6b2-b410b47d7995','2019-07-06 19:15:14'),('2e10c579-40fc-47ff-b373-62de602e3563','bb26a902-3936-4113-bd9f-3262952817ef','2019-09-05 15:04:58'),('3878d864-a75f-4010-9bcb-8b33aa5a4f6f','7d612d87-e2e9-4734-b6b2-b410b47d7995','2019-07-06 20:06:09'),('3890186d-8f7a-4db2-a9e8-1709284bc16c','5464a7ba-4417-4a21-895d-0902bf4f9343','2019-08-28 12:02:01'),('38f2cc4a-08da-4bf8-a752-b070c4e20f28','5464a7ba-4417-4a21-895d-0902bf4f9343','2019-08-28 00:57:51'),('3bcb2f67-b654-4d19-aa0d-9df2dba754bd','5464a7ba-4417-4a21-895d-0902bf4f9343','2019-08-28 02:14:55'),('3f1614cb-ebe2-44d6-acbc-f9cf84b1d565','5464a7ba-4417-4a21-895d-0902bf4f9343','2019-08-28 00:57:50'),('3f296f6e-75e3-4aba-a12b-ce9b6417f52a','5464a7ba-4417-4a21-895d-0902bf4f9343','2019-08-28 00:55:44'),('40b542ec-2a8c-4a9c-839e-f774d8b6253b','5464a7ba-4417-4a21-895d-0902bf4f9343','2019-08-25 13:06:34'),('4138732a-8f26-41b1-8d96-489319027079','bb26a902-3936-4113-bd9f-3262952817ef','2019-08-20 17:00:51'),('44981314-a541-4611-8e97-43306f82fe2d','5464a7ba-4417-4a21-895d-0902bf4f9343','2019-07-07 00:55:00'),('44dd1279-a7e4-41e6-8ad2-4e554875ea97','5464a7ba-4417-4a21-895d-0902bf4f9343','2019-08-28 10:37:57'),('453cea44-4522-475f-b555-aefad278d6aa','bb26a902-3936-4113-bd9f-3262952817ef','2019-08-30 10:28:49'),('470115a3-aa05-42c5-bc95-f93b60b92842','bb26a902-3936-4113-bd9f-3262952817ef','2019-08-20 17:21:48'),('47c4dacb-99fe-45c7-89c1-5c96019d27f2','5464a7ba-4417-4a21-895d-0902bf4f9343','2019-08-28 00:57:12'),('48b67c4f-fa53-4a90-8808-97a557f150f7','bb26a902-3936-4113-bd9f-3262952817ef','2019-08-30 10:44:48'),('49e76f6a-5810-4b14-9afa-1f243246cd22','a267ebf7-81da-4863-b6c5-5fd40efff636','2019-08-22 21:13:41'),('4e9e7783-d239-40d2-a7df-4f86dac0993c','5464a7ba-4417-4a21-895d-0902bf4f9343','2019-08-28 01:28:06'),('4ea83e9d-ed60-4fa8-adcc-3a6084dbd738','5464a7ba-4417-4a21-895d-0902bf4f9343','2019-08-28 01:31:45'),('518410df-0653-45ff-b6fc-23a74ca54f00','bb26a902-3936-4113-bd9f-3262952817ef','2019-08-21 00:05:46'),('559843dd-a9ad-470d-9c69-590beef3f5f1','5464a7ba-4417-4a21-895d-0902bf4f9343','2019-08-31 19:25:07'),('57b38fa3-bf0a-4c16-9f15-67b691adf8a9','900107fd-8205-4288-af9d-41d8a0596748','2019-08-28 12:37:13'),('580aca47-4b23-49fb-b264-308ac6d6e387','7d612d87-e2e9-4734-b6b2-b410b47d7995','2019-07-06 19:18:17'),('5a452898-48f6-4620-b26d-e5cc268380fa','5464a7ba-4417-4a21-895d-0902bf4f9343','2019-08-31 19:23:54'),('5ae7e602-87ff-445d-ba5b-92f62546c33b','bb26a902-3936-4113-bd9f-3262952817ef','2019-08-30 10:14:05'),('6011db30-d1ea-44e0-886f-5bb9a969e6ca','5464a7ba-4417-4a21-895d-0902bf4f9343','2019-08-31 19:21:33'),('6284c6b2-1d21-463c-8bcb-6bccf7b52834','bb26a902-3936-4113-bd9f-3262952817ef','2019-08-30 10:25:30'),('6443c4c5-2a96-4319-8f5a-c659a292fe9e','bb26a902-3936-4113-bd9f-3262952817ef','2019-09-05 14:42:08'),('6532ab08-ff14-479d-9678-1045fb73b7ab','7d612d87-e2e9-4734-b6b2-b410b47d7995','2019-07-06 19:11:17'),('660dbdd8-5ed4-42c2-b6ec-ee30899ee411','bb26a902-3936-4113-bd9f-3262952817ef','2019-08-30 10:33:21'),('6857bcaf-ae1a-4b98-a785-1549939b935f','bb26a902-3936-4113-bd9f-3262952817ef','2019-08-20 17:03:05'),('68749e87-eb57-46ad-911a-1b40b398c122','5464a7ba-4417-4a21-895d-0902bf4f9343','2019-08-28 00:58:22'),('6881c4cd-d382-40c5-82fb-b2f47063c2c6','bb26a902-3936-4113-bd9f-3262952817ef','2019-08-20 16:43:48'),('6947b15d-b8f1-4030-a47f-9a3e95533188','bb26a902-3936-4113-bd9f-3262952817ef','2019-08-21 00:42:47'),('6a43a03e-7cd5-4082-ba16-d27b7728cb68','5464a7ba-4417-4a21-895d-0902bf4f9343','2019-08-31 19:24:39'),('6f793ebd-f99f-420f-9a84-c356c9dfee31','5464a7ba-4417-4a21-895d-0902bf4f9343','2019-08-30 10:13:41'),('70fd9bc4-bc13-4357-92ae-14d82f7cfc8d','bb26a902-3936-4113-bd9f-3262952817ef','2019-08-20 17:30:53'),('73c418b7-fdc5-4c6a-b502-8f0797788da4','bb26a902-3936-4113-bd9f-3262952817ef','2019-08-28 12:21:17'),('745b899a-4e81-4846-8605-a5fe40ee3ed1','5464a7ba-4417-4a21-895d-0902bf4f9343','2019-08-28 01:23:17'),('74e7d440-50ff-421e-88b0-62a0c332c29f','5464a7ba-4417-4a21-895d-0902bf4f9343','2019-08-28 01:22:21'),('7542a4ae-b532-4ee5-9823-ba8f50397e38','bb26a902-3936-4113-bd9f-3262952817ef','2019-08-21 00:00:33'),('7575a296-34f1-442e-8ab4-d3097901160b','bb26a902-3936-4113-bd9f-3262952817ef','2019-08-20 16:49:35'),('76ba7b02-7688-4186-903a-c141c2c65132','7d612d87-e2e9-4734-b6b2-b410b47d7995','2019-07-06 20:43:35'),('77cb08e0-9274-4404-8c16-ab51f89ff56f','5464a7ba-4417-4a21-895d-0902bf4f9343','2019-08-31 19:25:03'),('794d0609-4d88-4c4f-9d14-b2891f73a3a4','7d612d87-e2e9-4734-b6b2-b410b47d7995','2019-07-06 21:06:41'),('7a557edc-381d-477e-b0e0-84bb5c485e40','bb26a902-3936-4113-bd9f-3262952817ef','2019-09-05 14:43:21'),('7b889db9-312c-48c3-97f2-442553d3de78','5464a7ba-4417-4a21-895d-0902bf4f9343','2019-08-31 19:21:54'),('80da513b-8c3a-4430-9e8d-16b289f128fa','5464a7ba-4417-4a21-895d-0902bf4f9343','2019-08-31 19:24:16'),('859ac51e-6f81-4252-9836-5f87c0dd0ff3','7d612d87-e2e9-4734-b6b2-b410b47d7995','2019-07-06 21:03:05'),('89a74eca-a111-4e66-bc0b-327f03f3ef21','7d612d87-e2e9-4734-b6b2-b410b47d7995','2019-07-06 20:37:15'),('8fcd9bfb-68b9-4d91-970e-159c54d657ba','5464a7ba-4417-4a21-895d-0902bf4f9343','2019-08-28 01:52:35'),('8fef54e6-f9a0-46e4-a3df-e4b32b9c11bd','5464a7ba-4417-4a21-895d-0902bf4f9343','2019-08-28 00:56:55'),('9332246d-39de-4eac-ac86-685d04d480ec','bb26a902-3936-4113-bd9f-3262952817ef','2019-08-21 00:13:59'),('95fefb39-19df-4653-a447-47e2af1f6d06','bb26a902-3936-4113-bd9f-3262952817ef','2019-09-05 17:44:33'),('976c20c7-fcb7-41b6-974a-7365a45747d5','5464a7ba-4417-4a21-895d-0902bf4f9343','2019-06-28 22:06:11'),('985f64e9-7592-4368-bbed-f0a18cf68cda','7d612d87-e2e9-4734-b6b2-b410b47d7995','2019-07-06 20:08:59'),('9e612bfc-b7c5-46ff-b8a2-a1879fd77be0','bb26a902-3936-4113-bd9f-3262952817ef','2019-08-28 12:28:15'),('a27969d5-513a-4d1e-8631-032ac603363f','5464a7ba-4417-4a21-895d-0902bf4f9343','2019-08-31 20:46:04'),('a36160d6-53bc-4edd-a731-ce097d45d76d','7d612d87-e2e9-4734-b6b2-b410b47d7995','2019-07-06 20:07:05'),('a7b27b78-a900-409c-a81f-40d2c7a90cdf','bb26a902-3936-4113-bd9f-3262952817ef','2019-08-20 16:48:40'),('adaf03c2-c410-4770-84ca-e28900949cb6','a88814cb-961e-438a-b14e-53f6bc549e32','2019-08-22 21:16:19'),('aed0ae38-53fb-433b-8021-dfd44d361361','5464a7ba-4417-4a21-895d-0902bf4f9343','2019-08-25 13:10:01'),('b1a51925-4e56-4083-ab68-5c7f322a09f6','bb26a902-3936-4113-bd9f-3262952817ef','2019-08-22 20:43:00'),('b28c2730-0820-4e00-bb4d-3cca3fa1bb31','bb26a902-3936-4113-bd9f-3262952817ef','2019-09-05 17:46:44'),('b28f640f-5a4c-4b01-9c39-5315dbe0346b','5464a7ba-4417-4a21-895d-0902bf4f9343','2019-08-28 00:58:07'),('b473e8fe-1444-45b2-ac30-c90a88174e75','5464a7ba-4417-4a21-895d-0902bf4f9343','2019-08-28 00:54:19'),('b481df42-b354-4a8a-87d1-1289b64901ce','5464a7ba-4417-4a21-895d-0902bf4f9343','2019-08-28 00:57:49'),('b586c8e3-253e-4063-9207-d05e914802c0','5464a7ba-4417-4a21-895d-0902bf4f9343','2019-08-28 01:22:15'),('bc704ec8-cd84-4f8b-996b-ee0b0f23ec1a','5464a7ba-4417-4a21-895d-0902bf4f9343','2019-08-28 01:29:12'),('bcb22598-0b22-4ccb-8216-3618a0bc4281','5464a7ba-4417-4a21-895d-0902bf4f9343','2019-08-25 13:07:52'),('bde2df2d-17db-4cc7-8d7f-83153620b092','5464a7ba-4417-4a21-895d-0902bf4f9343','2019-08-31 19:24:25'),('c44575cb-5dc9-4f25-b45f-1b543de68bc0','5464a7ba-4417-4a21-895d-0902bf4f9343','2019-08-28 00:57:45'),('c50eb6c5-de37-402a-a5cf-58b6626ef28f','7d612d87-e2e9-4734-b6b2-b410b47d7995','2019-07-06 20:55:09'),('c51bbbde-1cba-444f-8488-b307506ef367','bb26a902-3936-4113-bd9f-3262952817ef','2019-08-20 18:58:00'),('c5b8a6ae-0ed9-41e6-bf1b-16b87cdf796f','bb26a902-3936-4113-bd9f-3262952817ef','2019-09-05 17:43:19'),('cc96f050-9adf-4820-9345-b4f0436e02d1','5464a7ba-4417-4a21-895d-0902bf4f9343','2019-08-28 10:37:27'),('d04ad2a8-eeb8-4dd9-8b3a-5b3b832f5774','bb26a902-3936-4113-bd9f-3262952817ef','2019-08-20 16:50:52'),('d08bee82-1a9b-4a01-beee-89bcd7f4d52c','bb26a902-3936-4113-bd9f-3262952817ef','2019-08-22 21:09:15'),('d0caa9c0-bafb-4ec4-9bdf-5c0675e50150','7d612d87-e2e9-4734-b6b2-b410b47d7995','2019-07-06 19:33:58'),('d2e60cfe-c97f-4d5d-a099-4d054827c95a','bb26a902-3936-4113-bd9f-3262952817ef','2019-09-05 14:17:19'),('d8952b66-638f-490c-9338-81a0bf500e6e','5464a7ba-4417-4a21-895d-0902bf4f9343','2019-08-28 12:01:29'),('da7467e8-66f1-48ea-adae-55e3e3c6c7d7','5464a7ba-4417-4a21-895d-0902bf4f9343','2019-08-28 00:55:26'),('db07dd9b-21d6-4703-bd72-3eaa62d0ed48','5464a7ba-4417-4a21-895d-0902bf4f9343','2019-08-28 02:14:05'),('db8ced36-0bbe-40a7-aa10-d85ca0db7775','7d612d87-e2e9-4734-b6b2-b410b47d7995','2019-07-06 19:19:26'),('dceace86-fd0d-4901-bce3-23ef59324ca3','5464a7ba-4417-4a21-895d-0902bf4f9343','2019-08-28 00:58:17'),('de3f208d-63f1-47a5-a87d-9b912b1d3ffc','5464a7ba-4417-4a21-895d-0902bf4f9343','2019-08-28 00:54:30'),('debdcb72-13cd-4663-8403-5f747f62e0b4','5464a7ba-4417-4a21-895d-0902bf4f9343','2019-08-28 01:24:07'),('e0d92029-5a07-4511-8f22-b927369aebd3','bb26a902-3936-4113-bd9f-3262952817ef','2019-08-28 12:17:21'),('e1274eae-42df-41f9-a982-cc57299a88d0','5464a7ba-4417-4a21-895d-0902bf4f9343','2019-08-28 00:57:12'),('e2284249-adf9-4f2d-994a-a49c1e2fe687','5464a7ba-4417-4a21-895d-0902bf4f9343','2019-08-28 01:24:51'),('e22b45a3-1f56-49a1-a966-1b408f5f7f56','7d612d87-e2e9-4734-b6b2-b410b47d7995','2019-07-06 20:49:10'),('e46b49db-42a8-48f2-900a-8bd3fe2238d6','5464a7ba-4417-4a21-895d-0902bf4f9343','2019-08-28 00:57:11'),('e4bdaa67-ab31-48d3-96b3-9603c01853a3','7d612d87-e2e9-4734-b6b2-b410b47d7995','2019-07-06 19:39:59'),('e6697d6e-3ccc-41e8-afd5-50e02e56d391','bb26a902-3936-4113-bd9f-3262952817ef','2019-08-20 16:45:57'),('e8e0cc3d-97c0-45b5-b2dc-02114573edde','5464a7ba-4417-4a21-895d-0902bf4f9343','2019-08-28 12:02:49'),('ec360497-cf06-4786-a052-bb320f27d4c0','7d612d87-e2e9-4734-b6b2-b410b47d7995','2019-07-06 19:37:50'),('ee1a3fef-3127-4dc7-8e25-01d2c162c246','bb26a902-3936-4113-bd9f-3262952817ef','2019-08-30 10:17:21'),('efcb265b-1aec-4bf9-bcbb-960a1cf0e62e','7d612d87-e2e9-4734-b6b2-b410b47d7995','2019-07-06 19:32:47'),('efd440d0-45f3-4415-b0a8-f2baac66e41c','bb26a902-3936-4113-bd9f-3262952817ef','2019-08-21 00:19:07'),('f057db91-58d4-4d29-a424-252dc5314f8d','5464a7ba-4417-4a21-895d-0902bf4f9343','2019-08-28 11:57:38'),('f177fb65-5aee-44f3-8fb1-abbc231f0c01','bb26a902-3936-4113-bd9f-3262952817ef','2019-09-05 14:44:33'),('f26ff611-df24-49f1-840c-51aa65b70deb','bb26a902-3936-4113-bd9f-3262952817ef','2019-08-21 00:04:25'),('f57c8d0e-8246-4610-8627-1f83c67ed9ae','bb26a902-3936-4113-bd9f-3262952817ef','2019-09-05 17:47:32'),('fa2a7119-7817-4666-b8c1-b9098e406ab1','5464a7ba-4417-4a21-895d-0902bf4f9343','2019-08-28 12:00:33');
/*!40000 ALTER TABLE `sessions` ENABLE KEYS */;
UNLOCK TABLES;

--
-- Table structure for table `users`
--

DROP TABLE IF EXISTS `users`;
/*!40101 SET @saved_cs_client     = @@character_set_client */;
 SET character_set_client = utf8mb4 ;
CREATE TABLE `users` (
  `id` varchar(36) NOT NULL,
  `username` varchar(50) NOT NULL,
  `password` varchar(120) NOT NULL,
  `email` varchar(254) NOT NULL,
  `nickname` varchar(50) NOT NULL,
  `tag` int(11) NOT NULL,
  PRIMARY KEY (`id`),
  UNIQUE KEY `username_UNIQUE` (`username`),
  UNIQUE KEY `email_UNIQUE` (`email`),
  UNIQUE KEY `id_UNIQUE` (`id`)
) ENGINE=InnoDB DEFAULT CHARSET=utf8mb4 COLLATE=utf8mb4_0900_ai_ci;
/*!40101 SET character_set_client = @saved_cs_client */;

--
-- Dumping data for table `users`
--

LOCK TABLES `users` WRITE;
/*!40000 ALTER TABLE `users` DISABLE KEYS */;
INSERT INTO `users` VALUES ('0739e80c-b634-4f9e-a54f-5ee75d441a96','almogh43','15e2b0d3c33891ebb0f1ef609ec419420c20e320ce94c65fbc8c3312448eb225','P5DH15NS8N@gmail.com','sdsd',8467),('14b69ea0-2f58-4849-bc9e-27878f35ce71','djskd','a665a45920422f9d417e4867efdc4fb8a04a1f3fff1fa07e998e86f7f7a27ae3','kjdklasjd@fgkdj.com','djskd',255),('20734f93-c8d3-48a8-a6a6-e554a42395d8','almogh37','aa2df71c706f0eb10a78087be19cab6eaa1becc6a34808730f76a3ece884d247','almogh212@gmail.com','Atomiqu',4049),('32b0358b-a54d-48f1-b7a6-2c48d9470d6a','almogh23','15e2b0d3c33891ebb0f1ef609ec419420c20e320ce94c65fbc8c3312448eb225','QCIRZP5WEU@gmail.com','sdsd',6849),('3779d970-e6ed-4906-ba2f-10c647c279ce','OMRI','a665a45920422f9d417e4867efdc4fb8a04a1f3fff1fa07e998e86f7f7a27ae3','almogh521@gmail.com','OMRI',4197),('530e9407-7cfd-4be4-9cc6-70ab38e6310c','W0QU2RDWLM','15e2b0d3c33891ebb0f1ef609ec419420c20e320ce94c65fbc8c3312448eb225','W0QU2RDWLM@gmail.com','sdsd',2055),('5464a7ba-4417-4a21-895d-0902bf4f9343','almogh52','4/BdqhbMzhjoe0zKMVXzIAEOuSCjs0m24JHgpMqP3IhjizwclhMsmg8smMnS/XvTbAYDJLV5b5rn2tVCFTbftQ==$SZr4ZnQlbY1P9qyae+9sjw==','almogh52@gmail.com','almogh',1755),('68dcca8e-2704-46e9-9f30-b7b5b0a77e96','XUJS97B3HA','15e2b0d3c33891ebb0f1ef609ec419420c20e320ce94c65fbc8c3312448eb225','XUJS97B3HA@gmail.com','sdsd',1055),('79bbcce2-01f4-4e12-b88d-c3f985d960f5','almogh13','15e2b0d3c33891ebb0f1ef609ec419420c20e320ce94c65fbc8c3312448eb225','Z6ALDZRWYY@gmail.com','sdsd',7784),('7d612d87-e2e9-4734-b6b2-b410b47d7995','almogh51','15e2b0d3c33891ebb0f1ef609ec419420c20e320ce94c65fbc8c3312448eb225','90NS0RW6TF@gmail.com','sdsd',9591),('900107fd-8205-4288-af9d-41d8a0596748','almogh58','dWHA4c+Q4OwEpLNowBAYjWvRmhGQpKIYCwdH6Ymc0LJzsdfbadeoKu5d/jfKtp9LiyDRZDu4pI6tOwzn2YckuQ==$5s4c23QgnQ6Z3b3kHK0vKg==','almogh58@gmail.com','almogh58',3649),('a267ebf7-81da-4863-b6c5-5fd40efff636','asfasf','3j1emM+T5ho4DZ2jpPt7KxQG5r9lBNffgMijsJUfozrybcY5bmOigwDpJbFlaAWZZdUU9AuajCILnG5RWJ2R0w==$/pdBBU2Rfy0dHnECJVcwmA==','dsfsdf@sdfsf.c','asfasf',2778),('a88814cb-961e-438a-b14e-53f6bc549e32','asfaf','w01N0TxVZi47PhDW/c71jPReiAA11psYL8FiubYgJyfmJoc/ZkD005eypYKe5VbvEJCowrQ62llZS1p/5O/CAg==$TxIdjDlgOh/On9pncBg5Kg==','asfaf@fsafd.c','asfaf',9252),('aa0722a9-f7ef-400e-94f5-abeea3748e7f','TD2BO1FPA1','15e2b0d3c33891ebb0f1ef609ec419420c20e320ce94c65fbc8c3312448eb225','TD2BO1FPA1@gmail.com','sdsd',1125),('bb26a902-3936-4113-bd9f-3262952817ef','almogh54','4/BdqhbMzhjoe0zKMVXzIAEOuSCjs0m24JHgpMqP3IhjizwclhMsmg8smMnS/XvTbAYDJLV5b5rn2tVCFTbftQ==$SZr4ZnQlbY1P9qyae+9sjw==','sdsd@f.c','almogh54',3672),('c0eb536f-aa7a-41c6-8ba1-b8b94bdb9f25','almogsdsd','e2f56ed6bbfb6035701d763130dcca34bfb0cb97fcd9d91d8c5116d29a9b6bd9','almoghwewe@gmail.com','almogsdsd',1591),('ed6f6d9b-537c-43c1-96ae-84110fe5a9d5','KFT7NM25LQ','15e2b0d3c33891ebb0f1ef609ec419420c20e320ce94c65fbc8c3312448eb225','KFT7NM25LQ@gmail.com','sdsd',6534),('f096a34d-a572-4dfe-b66e-7fad1274631e','almogh53','15e2b0d3c33891ebb0f1ef609ec419420c20e320ce94c65fbc8c3312448eb225','Q8RQ7TE3ED@gmail.com','sdsd',1841);
/*!40000 ALTER TABLE `users` ENABLE KEYS */;
UNLOCK TABLES;

--
-- Dumping events for database 'quesync'
--

--
-- Dumping routines for database 'quesync'
--
/*!50003 DROP PROCEDURE IF EXISTS `get_private_channel` */;
/*!50003 SET @saved_cs_client      = @@character_set_client */ ;
/*!50003 SET @saved_cs_results     = @@character_set_results */ ;
/*!50003 SET @saved_col_connection = @@collation_connection */ ;
/*!50003 SET character_set_client  = utf8mb4 */ ;
/*!50003 SET character_set_results = utf8mb4 */ ;
/*!50003 SET collation_connection  = utf8mb4_0900_ai_ci */ ;
/*!50003 SET @saved_sql_mode       = @@sql_mode */ ;
/*!50003 SET sql_mode              = 'ONLY_FULL_GROUP_BY,STRICT_TRANS_TABLES,NO_ZERO_IN_DATE,NO_ZERO_DATE,ERROR_FOR_DIVISION_BY_ZERO,NO_ENGINE_SUBSTITUTION' */ ;
DELIMITER ;;
CREATE DEFINER=`root`@`localhost` PROCEDURE `get_private_channel`(
	IN user_1 VARCHAR(36),
    IN user_2 VARCHAR(36)
)
BEGIN
	SELECT c1.id
    FROM channels c1
    RIGHT JOIN
	(SELECT channel_id
    FROM channel_members
    WHERE member_id IN (user_1, user_2)
    GROUP BY channel_id
    HAVING COUNT(member_id) = 2) c2
    ON c1.id = c2.channel_id
    WHERE is_private = True;
END ;;
DELIMITER ;
/*!50003 SET sql_mode              = @saved_sql_mode */ ;
/*!50003 SET character_set_client  = @saved_cs_client */ ;
/*!50003 SET character_set_results = @saved_cs_results */ ;
/*!50003 SET collation_connection  = @saved_col_connection */ ;

--
-- Final view structure for view `profiles`
--

/*!50001 DROP VIEW IF EXISTS `profiles`*/;
/*!50001 SET @saved_cs_client          = @@character_set_client */;
/*!50001 SET @saved_cs_results         = @@character_set_results */;
/*!50001 SET @saved_col_connection     = @@collation_connection */;
/*!50001 SET character_set_client      = utf8mb4 */;
/*!50001 SET character_set_results     = utf8mb4 */;
/*!50001 SET collation_connection      = utf8mb4_0900_ai_ci */;
/*!50001 CREATE ALGORITHM=UNDEFINED */
/*!50013 DEFINER=`root`@`localhost` SQL SECURITY DEFINER */
/*!50001 VIEW `profiles` AS select `users`.`id` AS `id`,`users`.`nickname` AS `nickname`,`users`.`tag` AS `tag` from `users` */;
/*!50001 SET character_set_client      = @saved_cs_client */;
/*!50001 SET character_set_results     = @saved_cs_results */;
/*!50001 SET collation_connection      = @saved_col_connection */;
/*!40103 SET TIME_ZONE=@OLD_TIME_ZONE */;

/*!40101 SET SQL_MODE=@OLD_SQL_MODE */;
/*!40014 SET FOREIGN_KEY_CHECKS=@OLD_FOREIGN_KEY_CHECKS */;
/*!40014 SET UNIQUE_CHECKS=@OLD_UNIQUE_CHECKS */;
/*!40101 SET CHARACTER_SET_CLIENT=@OLD_CHARACTER_SET_CLIENT */;
/*!40101 SET CHARACTER_SET_RESULTS=@OLD_CHARACTER_SET_RESULTS */;
/*!40101 SET COLLATION_CONNECTION=@OLD_COLLATION_CONNECTION */;
/*!40111 SET SQL_NOTES=@OLD_SQL_NOTES */;

-- Dump completed on 2019-10-02  1:11:13
